areaFIPS,areaname,areaname2,allchildren0to2,atleast1immigparent,allnativebornparents,lowincome,notlowincome,parpostsec,pareducHSless,atleast1immigparent_pct,allnativebornparents_pct,lowincome_pct,notlowincome_pct,parpostsec_pct,pareducHSless_pct
10100,Aberdeen, SD,2000,0,2000,1000,1000,1000,0,0,0.956673801,0.380449653,0.619550347,0.748063505,0
10180,Abilene, TX,7000,0,6000,3000,3000,5000,2000,0,0.953629911,0.506498218,0.493501753,0.709076524,0.290923506
10220,Ada, OK,1000,0,1000,1000,1000,1000,1000,0,0.946912169,0.577393413,0.422606558,0.631601334,0.368398637
10300,Adrian, MI,3000,0,3000,2000,2000,2000,1000,0,0.970379651,0.503784657,0.496215314,0.664735079,0.335264891
10420,Akron, OH,22000,0,20000,9000,12000,16000,6000,0,0.919918954,0.439271927,0.560728073,0.723164082,0.276835889
10460,Alamogordo, NM,3000,0,2000,2000,1000,2000,0,0,0.790930688,0.607569396,0.392430604,0.62462312,0
10500,Albany, GA,6000,0,6000,4000,2000,4000,2000,0,0.9364959,0.665925622,0.334074408,0.71532321,0.28467676
10540,Albany, OR,4000,0,3000,2000,2000,3000,0,0,0.839583337,0.490633786,0.509366214,0.770804286,0
10580,Albany-Schenectady-Troy, NY,27000,4000,23000,8000,19000,21000,6000,0.136118114,0.863881886,0.301430941,0.698569059,0.779343784,0.220656231
10660,Albert Lea, MN,1000,0,1000,0,1000,1000,0,0,0.817387521,0,0.60729897,0.715252042,0
10700,Albertville, AL,4000,0,3000,2000,2000,2000,1000,0,0.792317688,0.517861068,0.482138932,0.631420612,0.368579417
10740,Albuquerque, NM,32000,7000,25000,16000,15000,22000,9000,0.224306464,0.775693536,0.513355136,0.486644894,0.703414738,0.296585262
10780,Alexandria, LA,7000,0,7000,4000,3000,5000,3000,0,0.923695087,0.551015019,0.448984981,0.645706892,0.354293108
10820,Alexandria, MN,1000,0,1000,1000,1000,1000,0,0,0.951702774,0.431529343,0.568470657,0.822058201,0
10900,Allentown-Bethlehem-Easton, PA-NJ,25000,4000,21000,9000,16000,19000,6000,0.156904757,0.843095243,0.373643458,0.626356542,0.745252132,0.254747897
10940,Alma, MI,1000,0,1000,1000,500,1000,500,0,0.938243508,0.630535543,0.369464457,0.67672956,0.32327044
10980,Alpena, MI,1000,0,1000,500,500,500,0,0,0.980073094,0.543814421,0.456185579,0.731636643,0
11020,Altoona, PA,4000,0,4000,2000,2000,2000,2000,0,0.993865013,0.469511032,0.530488968,0.574761808,0.425238192
11100,Amarillo, TX,11000,3000,8000,5000,6000,7000,4000,0.259555638,0.740444362,0.48290813,0.51709187,0.658245683,0.341754317
11140,Americus, GA,1000,0,1000,1000,500,1000,500,0,0.934458256,0.658192098,0.341807902,0.624823451,0.375176549
11220,Amsterdam, NY,1000,0,1000,1000,1000,1000,0,0,0.943906486,0.48512888,0.51487112,0.616726995,0
11260,Anchorage, AK,17000,0,14000,5000,12000,14000,3000,0,0.869091094,0.296038508,0.703961492,0.827821434,0.172178566
11380,Andrews, TX,1000,0,500,500,500,500,500,0,0.674533665,0.408947468,0.591052532,0.496194541,0.503805459
11420,Angola, IN,1000,0,1000,1000,1000,1000,1000,0,0.961887181,0.518431246,0.481568754,0.520495236,0.479504764
11460,Ann Arbor, MI,11000,3000,9000,4000,7000,10000,0,0.2345801,0.7654199,0.357002318,0.642997682,0.87014842,0
11540,Appleton, WI,8000,0,7000,3000,6000,7000,0,0,0.895904362,0.310582101,0.689417899,0.812950313,0
11580,Arcadia, FL,1000,0,1000,1000,0,500,1000,0,0.718217552,0.764680505,0,0.404145062,0.595854938
11620,Ardmore, OK,2000,0,2000,1000,1000,1000,1000,0,0.902865469,0.538737416,0.461262554,0.553084612,0.446915358
11660,Arkadelphia, AR,1000,0,1000,500,500,500,0,0,0.890204728,0.645051837,0.354948133,0.588820338,0
11680,Arkansas City-Winfield, KS,1000,0,1000,1000,1000,1000,500,0,0.927583694,0.509053349,0.490946621,0.740496516,0.259503484
11700,Asheville, NC,12000,0,10000,6000,6000,9000,3000,0,0.850572348,0.484523416,0.515476584,0.752618015,0.247381985
11820,Astoria, OR,1000,0,1000,1000,1000,1000,0,0,0.869194865,0.510102987,0.489896983,0.655062675,0
11860,Atchison, KS,1000,0,1000,0,500,500,0,0,0.928280175,0,0.631517172,0.779239058,0
11940,Athens, TN,2000,0,2000,1000,0,1000,0,0,0.92893213,0.662736654,0,0.579135418,0
11980,Athens, TX,3000,0,2000,1000,1000,1000,1000,0,0.772560716,0.529331803,0.470668167,0.537938833,0.462061167
12020,Athens-Clarke County, GA,7000,0,5000,4000,3000,4000,2000,0,0.763102949,0.557206094,0.442793906,0.648163557,0.351836443
12060,Atlanta-Sandy Springs-Roswell, GA,214000,61000,149000,96000,116000,151000,62000,0.289212584,0.710787416,0.454089344,0.545910656,0.708545446,0.291454554
12100,Atlantic City-Hammonton, NJ,10000,3000,6000,5000,5000,6000,3000,0.313506246,0.686493754,0.531837702,0.468162268,0.660817027,0.339182973
12140,Auburn, IN,2000,0,2000,1000,1000,1000,1000,0,0.961887181,0.518431246,0.481568754,0.520495236,0.479504764
12180,Auburn, NY,2000,0,2000,1000,1000,2000,0,0,0.975689292,0.454518616,0.545481384,0.687445164,0
12260,Augusta-Richmond County, GA-SC,21000,0,19000,11000,10000,14000,7000,0,0.928999662,0.541630626,0.458369374,0.661505103,0.338494867
12380,Austin, MN,1000,0,1000,0,1000,1000,0,0,0.817387521,0,0.60729897,0.715252042,0
12420,Austin-Round Rock, TX,76000,24000,51000,27000,49000,56000,20000,0.32143259,0.67856741,0.352889359,0.647110641,0.735323668,0.264676303
12460,Bainbridge, GA,1000,0,1000,1000,500,1000,0,0,0.934167802,0.671665907,0.328334093,0.529816508,0
12540,Bakersfield, CA,42000,15000,26000,25000,17000,23000,19000,0.361409307,0.638590693,0.602268636,0.397731364,0.538303316,0.461696684
12580,Baltimore-Columbia-Towson, MD,97000,20000,76000,28000,68000,75000,22000,0.205628276,0.794371724,0.294216037,0.705783963,0.772852898,0.227147117
12660,Baraboo, WI,2000,0,2000,0,1000,2000,0,0,0.921714127,0,0.650195718,0.805781186,0
12700,Barnstable Town, MA,5000,0,4000,0,4000,4000,0,0,0.765381932,0,0.833985031,0.795497656,0
12740,Barre, VT,2000,0,2000,0,1000,1000,0,0,0.965266764,0,0.660898864,0.723156214,0
12780,Bartlesville, OK,2000,0,2000,1000,1000,1000,1000,0,0.965714276,0.559142768,0.440857232,0.613384962,0.386615038
12820,Bastrop, LA,1000,0,1000,1000,0,500,1000,0,0.964057386,0.756548047,0,0.417602658,0.582397342
12900,Batesville, AR,1000,0,1000,1000,0,1000,0,0,0.966710031,0.613681555,0,0.669402957,0
12940,Baton Rouge, LA,30000,0,27000,13000,17000,21000,9000,0,0.920378745,0.446239233,0.553760767,0.700828254,0.299171746
12980,Battle Creek, MI,5000,0,4000,2000,2000,3000,0,0,0.919372737,0.532258034,0.467741936,0.723980546,0
13020,Bay City, MI,3000,0,3000,1000,2000,2000,0,0,0.961925685,0.422327459,0.577672541,0.737338901,0
13060,Bay City, TX,2000,0,1000,1000,1000,1000,1000,0,0.709654272,0.519788504,0.480211467,0.508201361,0.491798609
13100,Beatrice, NE,1000,0,1000,500,500,1000,0,0,0.898858428,0.420856953,0.579143047,0.771290004,0
13140,Beaumont-Port Arthur, TX,16000,3000,12000,9000,7000,9000,7000,0.217392385,0.782607615,0.540455878,0.459544122,0.580373049,0.419626921
13180,Beaver Dam, WI,2000,0,2000,0,2000,2000,0,0,0.905884922,0,0.716846645,0.761123121,0
13220,Beckley, WV,4000,0,4000,2000,2000,3000,0,0,0.972651958,0.497747421,0.502252579,0.667857707,0
13260,Bedford, IN,2000,0,2000,1000,1000,1000,1000,0,0.959190667,0.521966875,0.478033125,0.547370195,0.452629805
13300,Beeville, TX,1000,0,1000,1000,1000,1000,1000,0,0.90532428,0.491327226,0.508672774,0.570438802,0.429561198
13340,Bellefontaine, OH,2000,0,1000,1000,1000,1000,1000,0,0.97309643,0.445666432,0.554333568,0.614533544,0.385466427
13380,Bellingham, WA,7000,0,6000,2000,4000,5000,0,0,0.828480363,0.352279305,0.647720695,0.762990773,0
13420,Bemidji, MN,2000,0,2000,1000,1000,1000,1000,0,0.980017364,0.435620487,0.564379513,0.706686258,0.293313712
13500,Bennettsville, SC,1000,0,1000,1000,500,1000,0,0,0.959472179,0.600588441,0.399411559,0.588793576,0
13540,Bennington, VT,1000,0,1000,0,1000,1000,0,0,0.95632112,0,0.623685837,0.669620991,0
13620,Berlin, NH-VT,1000,0,1000,500,1000,1000,0,0,0.852044463,0.415707111,0.584292889,0.735574067,0
13660,Big Rapids, MI,1000,0,1000,1000,1000,1000,500,0,0.966768742,0.535863042,0.464136958,0.705980539,0.294019431
13700,Big Spring, TX,1000,0,1000,1000,1000,1000,0,0,0.81499511,0.548739076,0.451260924,0.534449339,0
13720,Big Stone Gap, VA,2000,0,2000,1000,1000,1000,1000,0,0.977522492,0.582859039,0.41714099,0.634249449,0.365750521
13740,Billings, MT,6000,0,6000,3000,3000,5000,2000,0,0.951511919,0.455369532,0.544630468,0.711863995,0.288135976
13780,Binghamton, NY,7000,0,7000,3000,4000,5000,2000,0,0.894351482,0.472326279,0.527673721,0.725512266,0.274487704
13820,Birmingham-Hoover, AL,41000,4000,37000,19000,22000,29000,12000,0.08900106,0.91099894,0.466423512,0.533576488,0.715480447,0.284519523
13900,Bismarck, ND,5000,0,5000,1000,4000,4000,1000,0,0.980039299,0.234855592,0.765144408,0.87584585,0.12415415
13940,Blackfoot, ID,2000,0,2000,1000,1000,2000,500,0,0.875122726,0.563484073,0.436515898,0.831012368,0.168987602
14010,Bloomington, IL,7000,0,6000,2000,5000,5000,1000,0,0.876535118,0.319979072,0.680020928,0.805234373,0.194765627
14020,Bloomington, IN,4000,0,4000,2000,2000,3000,1000,0,0.85125953,0.511606455,0.488393545,0.719390035,0.280609965
14100,Bloomsburg-Berwick, PA,2000,0,2000,1000,1000,2000,1000,0,0.952946067,0.43160522,0.56839478,0.735571802,0.264428198
14140,Bluefield, WV-VA,3000,0,3000,2000,2000,2000,1000,0,0.974500358,0.530401826,0.469598204,0.654963374,0.345036626
14180,Blytheville, AR,2000,0,2000,1000,0,1000,1000,0,0.92445147,0.660730183,0,0.594279408,0.405720562
14260,Boise City, ID,24000,4000,20000,11000,13000,18000,6000,0.161213338,0.838786662,0.453321457,0.546678543,0.753384471,0.246615529
14420,Borger, TX,1000,500,1000,1000,500,1000,500,0.30777657,0.69222343,0.558606744,0.441393256,0.572245359,0.427754611
14460,Boston-Cambridge-Newton, MA-NH,151000,51000,97000,38000,112000,122000,28000,0.345677078,0.654322922,0.25661546,0.74338454,0.814501882,0.185498148
14500,Boulder, CO,10000,2000,8000,2000,8000,9000,0,0.229655623,0.770344377,0.228407323,0.771592677,0.889991522,0
14540,Bowling Green, KY,6000,0,5000,3000,2000,4000,2000,0,0.831253707,0.574239731,0.425760269,0.701379836,0.298620164
14620,Bradford, PA,1000,0,1000,1000,1000,1000,500,0,0.966265976,0.483672678,0.516327322,0.646065235,0.353934735
14660,Brainerd, MN,3000,0,3000,1000,2000,2000,1000,0,0.936097026,0.442048907,0.557951093,0.791399956,0.208600044
14700,Branson, MO,3000,0,2000,2000,0,2000,0,0,0.930591881,0.669667006,0,0.632538259,0
14740,Bremerton-Silverdale, WA,9000,0,8000,3000,6000,8000,0,0,0.91503191,0.326516628,0.673483372,0.850158453,0
14780,Brenham, TX,1000,0,1000,1000,500,1000,1000,0,0.820714831,0.597947955,0.402052075,0.53163594,0.46836406
14860,Bridgeport-Stamford-Norwalk, CT,31000,11000,19000,8000,23000,25000,6000,0.376757801,0.623242199,0.265945017,0.734054983,0.805415392,0.194584623
15020,Brookhaven, MS,1000,0,1000,1000,0,1000,500,0,0.955064416,0.647529066,0,0.635731876,0.364268124
15100,Brookings, SD,1000,0,1000,1000,1000,1000,0,0,0.882837355,0.394692898,0.605307102,0.775890708,0
15180,Brownsville-Harlingen, TX,21000,8000,13000,15000,6000,10000,10000,0.384046257,0.615953743,0.715244353,0.284755647,0.497025371,0.502974629
15220,Brownwood, TX,1000,0,1000,1000,1000,1000,1000,0,0.916477442,0.540658236,0.459341735,0.582424641,0.417575359
15260,Brunswick, GA,5000,0,4000,3000,2000,3000,2000,0,0.944817483,0.600972712,0.399027288,0.647876322,0.352123678
15340,Bucyrus, OH,1000,0,1000,1000,1000,1000,0,0,0.992762983,0.476783395,0.523216605,0.651589572,0
15380,Buffalo-Cheektowaga-Niagara Falls, NY,37000,5000,32000,16000,21000,28000,9000,0.133482158,0.866517842,0.42539078,0.57460922,0.755689979,0.244310051
15420,Burley, ID,2000,0,2000,1000,1000,1000,1000,0,0.770002782,0.511992991,0.488007009,0.658688426,0.341311574
15460,Burlington, IA-IL,2000,0,2000,1000,1000,1000,500,0,0.963216305,0.382448971,0.617551029,0.8154158,0.1845842
15500,Burlington, NC,5000,0,4000,3000,2000,4000,0,0,0.744603634,0.625470281,0.374529719,0.666478515,0
15620,Cadillac, MI,1000,0,1000,1000,1000,1000,500,0,0.967975676,0.512037039,0.487962961,0.717406273,0.282593697
15660,Calhoun, GA,2000,0,1000,1000,1000,1000,1000,0,0.762039185,0.645732999,0.354267031,0.530266762,0.469733238
15680,California-Lexington Park, MD,4000,0,3000,0,3000,3000,0,0,0.917626977,0,0.722789347,0.800338387,0
15700,Cambridge, MD,1000,0,1000,500,1000,1000,500,0,0.88955003,0.43037039,0.56962961,0.677722514,0.322277486
15740,Cambridge, OH,2000,0,2000,1000,1000,1000,1000,0,1,0.58189106,0.41810891,0.441928744,0.558071256
15900,Canton, IL,1000,0,1000,500,1000,1000,0,0,0.944270611,0.442616522,0.557383478,0.768976927,0
15940,Canton-Massillon, OH,13000,0,12000,7000,6000,10000,3000,0,0.963999093,0.505658627,0.494341373,0.776581943,0.223418057
15980,Cape Coral-Fort Myers, FL,21000,7000,13000,11000,9000,13000,8000,0.335232079,0.664767921,0.54794383,0.45205614,0.623808146,0.376191884
16020,Cape Girardeau, MO-IL,4000,0,3000,2000,2000,3000,1000,0,0.967851281,0.533212543,0.466787457,0.726802468,0.273197502
16060,Carbondale-Marion, IL,4000,0,4000,2000,2000,3000,0,0,0.929504335,0.537567496,0.462432474,0.737763941,0
16180,Carson City, NV,1000,0,1000,1000,1000,1000,0,0,0.804224014,0.565594912,0.434405059,0.639521241,0
16260,Cedar City, UT,2000,0,2000,1000,1000,2000,0,0,0.913572133,0.556560338,0.443439662,0.788027465,0
16300,Cedar Rapids, IA,10000,0,9000,4000,6000,9000,1000,0,0.892611682,0.363140881,0.636859119,0.865417123,0.134582847
16340,Cedartown, GA,1000,0,1000,1000,1000,1000,0,0,0.816378534,0.539757729,0.460242242,0.668773055,0
16380,Celina, OH,1000,0,1000,1000,1000,1000,0,0,0.979812562,0.34176302,0.65823698,0.844811082,0
16460,Centralia, IL,1000,0,1000,1000,1000,1000,500,0,0.973409295,0.433050036,0.566949964,0.770209551,0.229790419
16500,Centralia, WA,2000,0,2000,1000,1000,2000,0,0,0.854783416,0.556031823,0.443968147,0.739688396,0
16540,Chambersburg-Waynesboro, PA,5000,0,5000,3000,3000,3000,2000,0,0.869312525,0.498975098,0.501024902,0.542889595,0.457110435
16580,Champaign-Urbana, IL,8000,0,6000,3000,5000,7000,1000,0,0.81882149,0.423251808,0.576748192,0.84343195,0.156568035
16620,Charleston, WV,8000,0,8000,4000,4000,5000,2000,0,0.978816807,0.487369001,0.512630999,0.693856359,0.306143612
16660,Charleston-Mattoon, IL,2000,0,2000,1000,1000,1000,0,0,0.960034251,0.546099305,0.453900695,0.65213722,0
16700,Charleston-North Charleston, SC,27000,3000,24000,11000,16000,21000,6000,0.104023933,0.895976067,0.407875061,0.592124939,0.765742958,0.234257028
16740,Charlotte-Concord-Gastonia, NC-SC,90000,20000,69000,41000,49000,65000,25000,0.228979111,0.771020889,0.451783478,0.548216522,0.721882582,0.278117418
16820,Charlottesville, VA,7000,0,6000,3000,4000,5000,2000,0,0.820783377,0.401733458,0.598266542,0.724057913,0.275942117
16860,Chattanooga, TN-GA,19000,0,17000,8000,11000,13000,6000,0,0.889159083,0.442279935,0.557720065,0.676235199,0.323764801
16980,Chicago-Naperville-Elgin, IL-IN-WI,347000,107000,235000,130000,213000,258000,88000,0.311564982,0.688435018,0.37925595,0.62074405,0.74573493,0.25426507
17020,Chico, CA,7000,0,6000,3000,4000,5000,0,0,0.861024022,0.472355962,0.527644038,0.748358846,0
17140,Cincinnati, OH-KY-IN,78000,8000,69000,31000,47000,56000,22000,0.102216661,0.897783339,0.396455228,0.603544772,0.723193765,0.276806206
17200,Claremont-Lebanon, NH-VT,6000,0,5000,2000,4000,4000,2000,0,0.895652473,0.370091379,0.629908621,0.700606704,0.299393296
17220,Clarksburg, WV,3000,0,3000,1000,2000,2000,0,0,0.977090061,0.407524109,0.592475891,0.780776024,0
17260,Clarksdale, MS,1000,0,1000,1000,0,1000,0,0,0.972579598,0.644823313,0,0.59325844,0
17300,Clarksville, TN-KY,14000,0,12000,7000,6000,10000,3000,0,0.923291564,0.549859166,0.450140804,0.762908161,0.237091839
17380,Cleveland, MS,1000,0,1000,1000,0,1000,500,0,0.979295254,0.738985062,0,0.664173245,0.335826784
17420,Cleveland, TN,4000,0,3000,3000,0,2000,0,0,0.92893213,0.662736654,0,0.579135418,0
17460,Cleveland-Elyria, OH,68000,7000,60000,30000,37000,51000,17000,0.107643843,0.892356157,0.445297956,0.554702044,0.748621106,0.251378924
17660,Coeur dAlene, ID,5000,0,5000,3000,2000,4000,1000,0,0.93381536,0.542087078,0.457912892,0.768048525,0.231951445
17700,Coffeyville, KS,1000,0,1000,1000,1000,1000,0,0,0.955108047,0.479340553,0.520659447,0.776384532,0
17740,Coldwater, MI,2000,0,1000,1000,0,1000,1000,0,0.873956621,0.687172413,0,0.528559685,0.471440285
17780,College Station-Bryan, TX,9000,2000,7000,5000,4000,6000,3000,0.236699879,0.763300121,0.549500227,0.450499803,0.685513735,0.314486265
17820,Colorado Springs, CO,27000,4000,23000,10000,17000,22000,5000,0.134115219,0.865884781,0.383725643,0.616274357,0.809837639,0.190162361
17900,Columbia, SC,27000,3000,24000,14000,14000,20000,8000,0.115427375,0.884572625,0.499594927,0.500405073,0.720306933,0.279693067
17980,Columbus, GA-AL,13000,0,12000,7000,6000,9000,4000,0,0.925576329,0.57082665,0.429173321,0.678806901,0.321193069
18020,Columbus, IN,3000,0,2000,0,2000,2000,0,0,0.809968829,0,0.605367362,0.645525634,0
18060,Columbus, MS,2000,0,2000,1000,1000,1000,0,0,0.939407885,0.672265053,0.327734977,0.621729136,0
18100,Columbus, NE,1000,0,1000,1000,1000,1000,500,0,0.757218957,0.46822083,0.53177917,0.737328887,0.262671113
18140,Columbus, OH,80000,14000,65000,33000,46000,58000,22000,0.182606876,0.817393124,0.421349764,0.578650236,0.723472536,0.276527464
18180,Concord, NH,4000,0,3000,1000,3000,3000,0,0,0.898060143,0.270829499,0.729170501,0.784397662,0
18220,Connersville, IN,1000,0,1000,500,500,500,0,0,0.991849184,0.616803288,0.383196712,0.533978105,0
18260,Cookeville, TN,4000,0,3000,2000,0,2000,2000,0,0.877519786,0.617749989,0,0.569854796,0.430145204
18380,Cordele, GA,1000,0,1000,1000,500,500,500,0,0.934458256,0.658192098,0.341807902,0.624823451,0.375176549
18460,Cornelia, GA,1000,0,1000,1000,1000,1000,0,0,0.876748264,0.566901445,0.433098584,0.573298454,0
18500,Corning, NY,3000,0,3000,2000,2000,2000,1000,0,0.953410506,0.488758743,0.511241257,0.689497352,0.310502648
18580,Corpus Christi, TX,18000,2000,15000,9000,9000,11000,7000,0.12780714,0.87219286,0.505589247,0.494410783,0.611159086,0.388840914
18620,Corsicana, TX,2000,500,1000,1000,1000,1000,1000,0.257993937,0.742006063,0.573375463,0.426624566,0.528777599,0.47122243
18660,Cortland, NY,1000,0,1000,1000,1000,1000,0,0,0.968081892,0.413424432,0.586575568,0.770938158,0
18700,Corvallis, OR,3000,0,2000,1000,1000,2000,0,0,0.839583337,0.490633786,0.509366214,0.770804286,0
18740,Coshocton, OH,1000,0,1000,1000,1000,1000,1000,0,1,0.58189106,0.41810891,0.441928744,0.558071256
18820,Crawfordsville, IN,1000,0,1000,1000,1000,1000,500,0,0.876971602,0.540836871,0.459163129,0.640257478,0.359742552
18860,Crescent City, CA,1000,0,1000,500,500,1000,0,0,0.891037881,0.527987123,0.472012907,0.743486404,0
18880,Crestview-Fort Walton Beach-Destin, FL,11000,0,9000,5000,5000,8000,3000,0,0.874346972,0.492427468,0.507572532,0.752617538,0.247382447
19000,Cullowhee, NC,1000,0,1000,1000,500,1000,0,0,0.906685472,0.630758524,0.369241446,0.640913963,0
19060,Cumberland, MD-WV,3000,0,3000,1000,1000,2000,1000,0,0.947603643,0.505346894,0.494653076,0.689482212,0.310517788
19100,Dallas-Fort Worth-Arlington, TX,293000,104000,185000,132000,159000,191000,101000,0.359838843,0.640161157,0.454100311,0.545899689,0.654209256,0.345790774
19140,Dalton, GA,5000,2000,3000,4000,2000,3000,3000,0.42083329,0.57916671,0.680775285,0.319224715,0.46736604,0.53263396
19180,Danville, IL,3000,0,3000,1000,1000,2000,1000,0,0.960436821,0.535029531,0.46497044,0.569858193,0.430141836
19260,Danville, VA,3000,0,3000,2000,1000,2000,0,0,0.927218139,0.582526088,0.417473942,0.687260091,0
19340,Davenport-Moline-Rock Island, IA-IL,14000,0,12000,6000,8000,10000,4000,0,0.858981609,0.445247114,0.554752886,0.729246497,0.270753473
19380,Dayton, OH,29000,0,26000,14000,14000,20000,8000,0,0.92977339,0.490164101,0.509835899,0.711034417,0.288965613
19420,Dayton, TN,1000,0,1000,1000,0,1000,500,0,0.960365832,0.631070614,0,0.547930241,0.45206973
19500,Decatur, IL,4000,0,4000,2000,2000,3000,0,0,0.929850757,0.487563372,0.512436628,0.65991807,0
19540,Decatur, IN,1000,0,1000,1000,1000,1000,1000,0,0.987272024,0.472369432,0.527630568,0.570216775,0.429783225
19580,Defiance, OH,1000,0,1000,1000,1000,1000,0,0,0.972714841,0.503070235,0.496929735,0.678498745,0
19620,Del Rio, TX,3000,0,2000,2000,1000,2000,1000,0,0.762112498,0.612465858,0.387534171,0.594690084,0.405309945
19660,Deltona-Daytona Beach-Ormond Beach, FL,17000,0,14000,9000,8000,12000,5000,0,0.854732692,0.536224008,0.463775963,0.718991876,0.281008095
19740,Denver-Aurora-Lakewood, CO,107000,28000,78000,36000,70000,82000,25000,0.263614297,0.736385703,0.341401815,0.658598185,0.76579386,0.23420614
19760,DeRidder, LA,1000,0,1000,1000,1000,1000,1000,0,0.969663739,0.484644711,0.515355289,0.63091141,0.36908859
19780,Des Moines-West Des Moines, IA,25000,4000,21000,9000,16000,20000,5000,0.16615808,0.83384192,0.345041156,0.654958844,0.810880065,0.189119935
19820,Detroit-Warren-Dearborn, MI,150000,27000,121000,69000,79000,111000,39000,0.180581987,0.819418013,0.466923773,0.533076227,0.741904736,0.258095294
19860,Dickinson, ND,1000,0,1000,500,1000,1000,0,0,0.934206665,0.290113747,0.709886253,0.799610913,0
19940,Dixon, IL,1000,0,1000,500,1000,1000,0,0,0.923513472,0.388092875,0.611907125,0.843429387,0
19980,Dodge City, KS,2000,1000,1000,1000,1000,1000,1000,0.39713192,0.60286808,0.553525925,0.446474075,0.577315211,0.422684789
20020,Dothan, AL,6000,0,5000,3000,3000,4000,2000,0,0.936615884,0.535661519,0.464338481,0.691740394,0.308259577
20060,Douglas, GA,2000,0,1000,1000,0,1000,1000,0,0.909953356,0.705798507,0,0.482867539,0.517132461
20100,Dover, DE,6000,0,5000,0,4000,4000,0,0,0.826512575,0,0.60638988,0.587642074,0
20140,Dublin, GA,2000,0,2000,1000,1000,1000,1000,0,0.957751751,0.666295469,0.333704531,0.453644216,0.546355784
20180,DuBois, PA,2000,0,2000,1000,1000,2000,1000,0,0.966265976,0.483672678,0.516327322,0.646065235,0.353934735
20220,Dubuque, IA,3000,0,3000,0,3000,3000,0,0,0.963187993,0,0.735378027,0.840698481,0
20260,Duluth, MN-WI,8000,0,8000,4000,5000,7000,2000,0,0.963579714,0.451719761,0.548280239,0.804878354,0.195121646
20300,Dumas, TX,1000,500,1000,1000,500,1000,500,0.30777657,0.69222343,0.558606744,0.441393256,0.572245359,0.427754611
20340,Duncan, OK,2000,0,2000,1000,1000,1000,1000,0,0.960484087,0.58554858,0.41445142,0.558908701,0.441091269
20380,Dunn, NC,6000,0,5000,3000,3000,5000,0,0,0.841517866,0.53502214,0.46497789,0.771855354,0
20420,Durango, CO,2000,0,2000,0,1000,1000,0,0,0.926934481,0,0.663262546,0.829645395,0
20460,Durant, OK,2000,0,2000,1000,1000,1000,1000,0,0.957139671,0.586724281,0.413275748,0.649945021,0.350055009
20500,Durham-Chapel Hill, NC,19000,6000,13000,8000,11000,14000,5000,0.306681514,0.693318486,0.407788396,0.592211604,0.745335758,0.254664242
20540,Dyersburg, TN,1000,0,1000,1000,500,1000,0,0,0.94172895,0.623484373,0.376515627,0.647521794,0
20580,Eagle Pass, TX,3000,0,2000,2000,1000,2000,1000,0,0.762112498,0.612465858,0.387534171,0.594690084,0.405309945
20660,Easton, MD,1000,0,1000,1000,1000,1000,500,0,0.88955003,0.43037039,0.56962961,0.677722454,0.322277516
20740,Eau Claire, WI,5000,0,5000,2000,3000,4000,1000,0,0.936042309,0.422424197,0.577575803,0.782734573,0.217265442
20820,Effingham, IL,1000,0,1000,500,1000,1000,0,0,0.980018377,0.431132495,0.568867505,0.764101446,0
20900,El Campo, TX,2000,0,1000,1000,1000,1000,1000,0,0.709654272,0.519788504,0.480211467,0.508201361,0.491798609
20940,El Centro, CA,9000,4000,5000,5000,4000,6000,0,0.419997633,0.580002367,0.531843841,0.468156159,0.68159318,0
21060,Elizabethtown-Fort Knox, KY,6000,0,5000,3000,3000,3000,2000,0,0.926340163,0.506788611,0.493211418,0.619301915,0.380698115
21140,Elkhart-Goshen, IN,9000,0,7000,5000,4000,5000,4000,0,0.801783741,0.527954459,0.472045541,0.585922003,0.414077997
21220,Elko, NV,2000,0,1000,1000,1000,1000,1000,0,0.844444454,0.426886797,0.573113203,0.630211115,0.369788855
21260,Ellensburg, WA,2000,1000,1000,1000,1000,1000,1000,0.447708786,0.552291214,0.578586221,0.421413749,0.535493135,0.464506894
21300,Elmira, NY,3000,0,3000,2000,2000,2000,1000,0,0.922364235,0.472876847,0.527123153,0.751394987,0.248604983
21340,El Paso, TX,39000,12000,26000,23000,15000,27000,12000,0.318356931,0.681643069,0.598749042,0.401250958,0.694998682,0.305001318
21380,Emporia, KS,1000,0,1000,1000,1000,1000,0,0,0.942532182,0.50045085,0.49954915,0.738488793,0
21420,Enid, OK,2000,0,2000,1000,1000,2000,0,0,0.817800343,0.460693538,0.539306462,0.675522685,0
21460,Enterprise, AL,2000,0,1000,1000,1000,1000,0,0,0.951119602,0.518803,0.481197029,0.690678,0
21500,Erie, PA,9000,0,8000,5000,5000,6000,3000,0,0.888016105,0.503767371,0.496232629,0.635489345,0.364510685
21540,Escanaba, MI,1000,0,1000,500,500,1000,0,0,0.979329765,0.478287637,0.521712363,0.735439897,0
21660,Eugene, OR,10000,0,8000,6000,4000,8000,3000,0,0.847501993,0.561686754,0.438313276,0.730638087,0.269361913
21700,Eureka-Arcata-Fortuna, CA,4000,0,3000,3000,2000,3000,0,0,0.822942019,0.611943841,0.388056159,0.703307152,0
21740,Evanston, WY,1000,0,1000,500,1000,1000,0,0,0.978837967,0.371598959,0.628401041,0.706413567,0
21780,Evansville, IN-KY,11000,0,10000,6000,5000,8000,3000,0,0.950182199,0.521441698,0.478558272,0.728703976,0.271296024
21820,Fairbanks, AK,5000,0,4000,0,3000,4000,0,0,0.929460049,0,0.737099111,0.799184084,0
21840,Fairfield, IA,1000,0,1000,500,500,500,0,0,0.873485327,0.496024489,0.503975511,0.713149846,0
21900,Fairmont, WV,2000,0,2000,1000,1000,1000,0,0,0.977090061,0.407524109,0.592475891,0.780776024,0
21980,Fallon, NV,1000,0,1000,500,500,1000,500,0,0.844444454,0.426886797,0.573113203,0.630211115,0.369788855
22020,Fargo, ND-MN,9000,0,8000,3000,6000,8000,0,0,0.863125086,0.338371575,0.661628425,0.828400612,0
22060,Faribault-Northfield, MN,2000,0,2000,0,1000,1000,0,0,0.864583313,0,0.664460301,0.79426688,0
22140,Farmington, NM,5000,0,5000,3000,3000,4000,2000,0,0.899457037,0.489250422,0.510749578,0.665288389,0.334711611
22180,Fayetteville, NC,17000,2000,15000,11000,6000,14000,4000,0.138011158,0.861988842,0.626798809,0.373201191,0.787497401,0.212502614
22220,Fayetteville-Springdale-Rogers, AR-MO,21000,5000,15000,10000,10000,13000,8000,0.230592191,0.769407809,0.492325187,0.507674813,0.627752662,0.372247338
22260,Fergus Falls, MN,2000,0,2000,1000,1000,2000,0,0,0.951702774,0.431529343,0.568470657,0.822058201,0
22280,Fernley, NV,1000,0,1000,1000,1000,1000,0,0,0.804224014,0.565594912,0.434405059,0.639521241,0
22300,Findlay, OH,3000,0,3000,0,2000,2000,0,0,0.975686848,0,0.560602367,0.796696603,0
22340,Fitzgerald, GA,1000,0,1000,500,0,500,500,0,0.900789201,0.671483397,0,0.519704461,0.480295569
22380,Flagstaff, AZ,5000,0,4000,2000,3000,3000,2000,0,0.934008002,0.449009061,0.550990939,0.688333035,0.311666995
22420,Flint, MI,15000,0,14000,8000,6000,10000,4000,0,0.959157825,0.573197842,0.426802188,0.697545886,0.302454084
22500,Florence, SC,8000,0,7000,4000,3000,5000,2000,0,0.968419611,0.557457566,0.442542464,0.670638084,0.329361916
22520,Florence-Muscle Shoals, AL,5000,0,4000,3000,2000,3000,0,0,0.905886352,0.557218909,0.442781091,0.556220889,0
22540,Fond du Lac, WI,4000,0,3000,0,2000,3000,0,0,0.892245531,0,0.62582016,0.787954569,0
22660,Fort Collins, CO,10000,0,9000,3000,7000,9000,0,0,0.870743036,0.333042443,0.666957557,0.856165707,0
22700,Fort Dodge, IA,1000,0,1000,500,1000,1000,0,0,0.88999033,0.393910766,0.606089234,0.778069735,0
22780,Fort Leonard Wood, MO,2000,0,2000,1000,1000,1000,0,0,0.944158256,0.620232522,0.379767478,0.68366307,0
22800,Fort Madison-Keokuk, IA-IL-MO,2000,0,2000,1000,1000,2000,500,0,0.964164376,0.416106582,0.583893418,0.795189321,0.204810694
22820,Fort Morgan, CO,1000,0,1000,1000,1000,1000,0,0,0.79132086,0.524663687,0.475336313,0.739150941,0
22860,Fort Polk South, LA,3000,0,2000,1000,1000,2000,1000,0,0.916567087,0.555507302,0.444492728,0.658244252,0.341755748
22900,Fort Smith, AR-OK,11000,0,9000,7000,4000,6000,4000,0,0.833723009,0.639486015,0.360513985,0.586629033,0.413370937
23060,Fort Wayne, IN,18000,0,15000,9000,9000,13000,5000,0,0.872383714,0.483556807,0.516443193,0.723492622,0.276507378
23140,Frankfort, IN,1000,0,1000,1000,1000,1000,500,0,0.876971602,0.540836871,0.459163129,0.640257478,0.359742552
23300,Freeport, IL,1000,0,1000,1000,1000,1000,0,0,0.898076296,0.563110173,0.436889827,0.711635709,0
23380,Fremont, OH,2000,0,2000,1000,1000,1000,0,0,0.975333989,0.542116165,0.457883805,0.619536221,0
23420,Fresno, CA,46000,18000,28000,30000,16000,25000,21000,0.38841635,0.61158365,0.66260469,0.337395281,0.550558388,0.449441612
23500,Gaffney, SC,2000,0,2000,1000,0,1000,0,0,0.957083881,0.662773967,0,0.566209197,0
23540,Gainesville, FL,9000,0,8000,4000,5000,7000,2000,0,0.870949388,0.455199301,0.544800699,0.773863673,0.226136327
23580,Gainesville, GA,8000,0,4000,4000,3000,4000,3000,0,0.603799343,0.563096344,0.436903656,0.54946667,0.45053333
23620,Gainesville, TX,1000,0,1000,1000,1000,1000,500,0,0.857442915,0.484712481,0.515287519,0.653856874,0.346143126
23660,Galesburg, IL,2000,0,1000,1000,1000,1000,500,0,0.939907551,0.449609041,0.550390959,0.699934781,0.300065219
23700,Gallup, NM,3000,0,3000,2000,1000,2000,2000,0,0.967577338,0.728564441,0.271435559,0.509599745,0.490400255
23780,Garden City, KS,2000,1000,1000,1000,1000,1000,1000,0.39713192,0.60286808,0.553525925,0.446474075,0.577315211,0.422684789
23820,Gardnerville Ranchos, NV,1000,0,1000,1000,1000,1000,0,0,0.804224014,0.565594912,0.434405059,0.639521241,0
23900,Gettysburg, PA,3000,0,3000,0,2000,2000,0,0,0.858913243,0,0.695301354,0.68179667,0
23980,Glasgow, KY,2000,0,2000,1000,1000,1000,1000,0,0.95021683,0.588194549,0.411805451,0.616426587,0.383573383
24060,Glenwood Springs, CO,3000,0,2000,0,2000,1000,0,0,0.606126249,0,0.599429429,0.565045893,0
24100,Gloversville, NY,2000,0,1000,1000,1000,1000,0,0,0.943906486,0.48512888,0.51487112,0.616726995,0
24220,Grand Forks, ND-MN,4000,0,4000,1000,3000,3000,1000,0,0.951679409,0.349978089,0.650021911,0.835886061,0.164113954
24260,Grand Island, NE,3000,0,3000,0,2000,3000,0,0,0.821141839,0,0.571750879,0.723319292,0
24300,Grand Junction, CO,5000,0,5000,3000,3000,3000,0,0,0.946075261,0.498943448,0.501056552,0.671745539,0
24340,Grand Rapids-Wyoming, MI,42000,5000,35000,17000,24000,32000,9000,0.132610738,0.867389262,0.410002351,0.589997649,0.778190851,0.221809119
24380,Grants, NM,1000,0,1000,1000,500,1000,1000,0,0.967577338,0.728564441,0.271435559,0.509599745,0.490400255
24460,Great Bend, KS,1000,0,1000,1000,500,1000,0,0,0.910960495,0.518458724,0.481541306,0.742731929,0
24500,Great Falls, MT,3000,0,3000,2000,2000,2000,1000,0,0.96727401,0.50508821,0.49491179,0.71936357,0.28063643
24540,Greeley, CO,12000,2000,10000,5000,7000,9000,3000,0.197871923,0.802128077,0.392609894,0.607390106,0.715209365,0.284790605
24580,Green Bay, WI,12000,0,10000,5000,7000,10000,2000,0,0.845586956,0.386527359,0.613472641,0.79806459,0.201935396
24620,Greeneville, TN,2000,0,2000,1000,0,1000,0,0,0.980198026,0.557953835,0,0.602394223,0
24640,Greenfield Town, MA,2000,0,1000,0,1000,1000,0,0,0.795208633,0,0.700941622,0.833898306,0
24660,Greensboro-High Point, NC,26000,6000,20000,13000,12000,18000,8000,0.2224437,0.7775563,0.524792671,0.475207359,0.691913605,0.308086395
24740,Greenville, MS,2000,0,2000,1000,0,1000,1000,0,0.979295254,0.738985062,0,0.664173245,0.335826784
24780,Greenville, NC,7000,0,6000,3000,3000,5000,0,0,0.922786891,0.505228043,0.494771928,0.810636699,0
24820,Greenville, OH,2000,0,2000,1000,1000,1000,1000,0,0.946309984,0.518860936,0.481139064,0.709319532,0.290680468
24860,Greenville-Anderson-Mauldin, SC,31000,4000,26000,15000,15000,21000,10000,0.134016693,0.865983307,0.492137492,0.507862508,0.687214732,0.312785238
24900,Greenwood, MS,2000,0,2000,1000,0,1000,1000,0,0.992236376,0.637017667,0,0.544246852,0.455753148
24980,Grenada, MS,1000,0,1000,1000,0,500,500,0,0.992236376,0.637017667,0,0.544246852,0.455753148
25060,Gulfport-Biloxi-Pascagoula, MS,14000,0,13000,8000,6000,9000,5000,0,0.896887898,0.586173832,0.413826168,0.645444751,0.354555279
25100,Guymon, OK,1000,0,1000,500,500,1000,0,0,0.779602408,0.465691566,0.534308434,0.653043628,0
25180,Hagerstown-Martinsburg, MD-WV,8000,0,7000,3000,5000,6000,2000,0,0.882942975,0.399899721,0.600100279,0.699782729,0.300217301
25200,Hailey, ID,1000,0,1000,1000,1000,1000,500,0,0.736316323,0.554655015,0.445344985,0.579384863,0.420615137
25260,Hanford-Corcoran, CA,7000,0,5000,4000,3000,5000,3000,0,0.72140193,0.566766798,0.433233202,0.619743347,0.380256683
25300,Hannibal, MO,1000,0,1000,1000,1000,1000,500,0,0.995912194,0.559683919,0.440316051,0.72290957,0.27709043
25420,Harrisburg-Carlisle, PA,19000,0,16000,7000,12000,13000,7000,0,0.859979033,0.38209343,0.61790657,0.659280062,0.340719938
25460,Harrison, AR,2000,0,1000,1000,0,1000,0,0,0.934215546,0.65372169,0,0.650513113,0
25540,Hartford-West Hartford-East Hartford, CT,37000,8000,28000,11000,25000,29000,8000,0.221497476,0.778502524,0.310822308,0.689177692,0.786763668,0.213236302
25580,Hastings, NE,1000,0,1000,1000,1000,1000,0,0,0.907709241,0.445450604,0.554549396,0.83531189,0
25620,Hattiesburg, MS,6000,0,6000,3000,3000,4000,0,0,0.962242067,0.550758481,0.449241549,0.659246325,0
25700,Hays, KS,1000,0,1000,500,1000,1000,0,0,0.918771684,0.345302522,0.654697478,0.818986714,0
25720,Heber, UT,1000,0,1000,1000,1000,1000,500,0,0.939314365,0.425442398,0.574557602,0.739117861,0.260882139
25820,Hereford, TX,1000,500,1000,500,500,500,500,0.30777657,0.69222343,0.558606744,0.441393256,0.572245359,0.427754611
25840,Hermiston-Pendleton, OR,3000,0,3000,2000,1000,2000,1000,0,0.774806559,0.582836151,0.417163849,0.626857758,0.373142242
25860,Hickory-Lenoir-Morganton, NC,11000,0,9000,7000,4000,7000,4000,0,0.817318618,0.633802891,0.366197139,0.626209021,0.373790979
25880,Hillsdale, MI,2000,0,1000,1000,1000,1000,1000,0,0.970379651,0.503784657,0.496215314,0.664735079,0.335264891
25900,Hilo, HI,7000,0,6000,3000,4000,5000,0,0,0.838545442,0.483724236,0.516275764,0.705234945,0
25940,Hilton Head Island-Bluffton-Beaufort, SC,6000,0,5000,3000,3000,4000,0,0,0.792740226,0.551956415,0.448043615,0.697081447,0
25980,Hinesville, GA,5000,0,4000,3000,2000,3000,0,0,0.923289359,0.590114057,0.409885943,0.704486728,0
26090,Holland, MI,4000,0,3000,0,2000,3000,0,0,0.945004106,0,0.488645464,0.701309085,0
26220,Hood River, OR,1000,0,1000,500,500,500,0,0,0.810204566,0.603999019,0.396000981,0.557264924,0
26300,Hot Springs, AR,3000,0,3000,2000,1000,2000,0,0,0.890204728,0.645051837,0.354948133,0.588820338,0
26340,Houghton, MI,1000,0,1000,500,1000,1000,0,0,0.952808022,0.466609776,0.533390224,0.797532976,0
26380,Houma-Thibodaux, LA,8000,0,7000,4000,4000,4000,4000,0,0.919050097,0.474760592,0.525239408,0.541871727,0.458128273
26420,Houston-The Woodlands-Sugar Land, TX,284000,115000,164000,129000,152000,180000,103000,0.412676096,0.587323904,0.458897471,0.541102529,0.636959076,0.363040894
26500,Huntingdon, PA,1000,0,1000,1000,1000,1000,1000,0,0.993865013,0.469511032,0.530488968,0.574761808,0.425238192
26540,Huntington, IN,1000,0,1000,1000,1000,1000,1000,0,0.987272024,0.472369432,0.527630568,0.570216775,0.429783225
26580,Huntington-Ashland, WV-KY-OH,12000,0,11000,5000,6000,8000,3000,0,0.98293972,0.463746965,0.536253035,0.713476896,0.286523134
26620,Huntsville, AL,15000,2000,13000,7000,8000,11000,4000,0.121226072,0.878773928,0.444593608,0.555406392,0.728779078,0.271220922
26660,Huntsville, TX,2000,0,2000,1000,0,1000,1000,0,0.850395262,0.595806599,0,0.539382219,0.460617751
26700,Huron, SD,1000,0,1000,500,500,1000,0,0,0.882837355,0.394692898,0.605307102,0.775890708,0
26780,Hutchinson, MN,1000,0,1000,500,1000,1000,0,0,0.883222342,0.348456204,0.651543796,0.801994562,0
26820,Idaho Falls, ID,7000,0,6000,3000,4000,5000,1000,0,0.882655919,0.477601111,0.522398889,0.793175042,0.206824958
26860,Indiana, PA,3000,0,3000,1000,1000,2000,1000,0,0.997763872,0.497619569,0.502380431,0.596912861,0.403087109
26900,Indianapolis-Carmel-Anderson, IN,80000,12000,67000,35000,44000,59000,21000,0.154323518,0.845676482,0.444312572,0.555687428,0.739170313,0.260829687
26940,Indianola, MS,1000,0,1000,1000,0,1000,500,0,0.979295254,0.738985062,0,0.664173245,0.335826784
26960,Ionia, MI,2000,0,2000,1000,1000,2000,1000,0,0.966768742,0.535863042,0.464136958,0.705980539,0.294019431
26980,Iowa City, IA,6000,0,5000,2000,5000,5000,0,0,0.815954328,0.28099519,0.71900481,0.82412219,0
27020,Iron Mountain, MI-WI,1000,0,1000,500,500,1000,500,0,0.957218826,0.461851358,0.538148642,0.791358829,0.208641171
27100,Jackson, MI,6000,0,5000,2000,3000,4000,0,0,0.977229595,0.446187496,0.553812504,0.749636889,0
27140,Jackson, MS,21000,0,20000,11000,11000,16000,5000,0,0.947670817,0.501733541,0.498266429,0.745415211,0.254584789
27180,Jackson, TN,5000,0,4000,3000,2000,3000,2000,0,0.931542397,0.565930128,0.434069902,0.663616359,0.336383641
27220,Jackson, WY-ID,1000,0,1000,1000,1000,1000,500,0,0.878563464,0.41095376,0.58904624,0.814955354,0.185044646
27260,Jacksonville, FL,52000,7000,43000,26000,25000,36000,15000,0.14542526,0.85457474,0.505909503,0.494090497,0.699341059,0.300658911
27300,Jacksonville, IL,1000,0,1000,1000,1000,1000,0,0,0.944759965,0.464810491,0.535189509,0.739994884,0
27340,Jacksonville, NC,10000,0,9000,6000,4000,8000,2000,0,0.930891275,0.579785228,0.420214742,0.759066761,0.240933254
27380,Jacksonville, TX,2000,0,2000,1000,1000,1000,1000,0,0.751861513,0.582292438,0.417707562,0.538138688,0.461861312
27420,Jamestown, ND,1000,0,1000,500,500,1000,0,0,0.98336494,0.43503648,0.56496352,0.785165191,0
27460,Jamestown-Dunkirk-Fredonia, NY,4000,0,4000,2000,2000,3000,0,0,0.958412111,0.544129789,0.455870211,0.686105847,0
27540,Jasper, IN,2000,0,2000,1000,1000,1000,0,0,0.935207844,0.411447942,0.588552058,0.680095732,0
27600,Jefferson, GA,2000,0,2000,1000,1000,2000,0,0,0.879581153,0.412150443,0.587849557,0.69546771,0
27620,Jefferson City, MO,5000,0,5000,0,3000,4000,0,0,0.948146582,0,0.655968904,0.713791728,0
27700,Jesup, GA,1000,0,1000,1000,500,1000,500,0,0.851766765,0.627707124,0.372292876,0.569611549,0.430388451
27740,Johnson City, TN,6000,0,6000,3000,3000,4000,2000,0,0.951403916,0.519087434,0.480912536,0.686093032,0.313906968
27780,Johnstown, PA,4000,0,4000,2000,2000,3000,0,0,0.992487073,0.421699107,0.578300893,0.715967238,0
27860,Jonesboro, AR,5000,0,4000,3000,2000,3000,2000,0,0.945668221,0.602268338,0.397731692,0.645153463,0.354846537
27900,Joplin, MO,7000,0,6000,4000,3000,4000,3000,0,0.858833849,0.579682708,0.420317262,0.62709415,0.372905821
27920,Junction City, KS,2000,0,2000,1000,1000,2000,0,0,0.868857026,0.447226465,0.552773535,0.810725093,0
27940,Juneau, AK,1000,0,1000,0,1000,1000,0,0,0.929460049,0,0.737099111,0.799184084,0
27980,Kahului-Wailuku-Lahaina, HI,6000,0,4000,2000,4000,4000,2000,0,0.708242953,0.322352111,0.677647889,0.724327445,0.275672525
28020,Kalamazoo-Portage, MI,12000,0,10000,5000,6000,9000,3000,0,0.905733705,0.460386217,0.539613783,0.780574143,0.219425872
28140,Kansas City, MO-KS,82000,12000,69000,31000,50000,61000,20000,0.142886817,0.857113183,0.385832369,0.614167631,0.749006867,0.250993103
28180,Kapaa, HI,3000,0,2000,1000,2000,2000,1000,0,0.708242953,0.322352111,0.677647889,0.724327445,0.275672525
28260,Kearney, NE,2000,0,2000,1000,1000,2000,0,0,0.907709241,0.445450604,0.554549396,0.83531189,0
28340,Kendallville, IN,2000,0,2000,1000,1000,1000,1000,0,0.961887181,0.518431246,0.481568754,0.520495236,0.479504764
28380,Kennett, MO,1000,0,1000,1000,0,1000,1000,0,0.947167873,0.667666912,0,0.544386089,0.455613911
28420,Kennewick-Richland, WA,13000,4000,9000,6000,7000,8000,5000,0.309747875,0.690252125,0.470990002,0.529009998,0.611529112,0.388470858
28540,Ketchikan, AK,1000,0,1000,0,500,500,0,0,0.929460049,0,0.737099111,0.799184084,0
28660,Killeen-Temple, TX,20000,2000,17000,10000,10000,15000,6000,0.116871715,0.883128285,0.521821499,0.478178471,0.724707603,0.275292397
28700,Kingsport-Bristol-Bristol, TN-VA,9000,0,9000,5000,4000,6000,4000,0,0.951757848,0.585211992,0.414787978,0.610862136,0.389137864
28740,Kingston, NY,4000,0,4000,2000,2000,3000,0,0,0.83277595,0.490629256,0.509370744,0.730688214,0
28860,Kirksville, MO,1000,0,1000,1000,500,1000,500,0,0.995912194,0.559683919,0.440316051,0.72290957,0.27709043
28900,Klamath Falls, OR,2000,0,2000,1000,1000,1000,0,0,0.907135069,0.639847755,0.360152274,0.605837584,0
28940,Knoxville, TN,28000,3000,25000,14000,14000,18000,10000,0.103638053,0.896361947,0.488744438,0.511255562,0.652608931,0.347391069
29020,Kokomo, IN,3000,0,2000,2000,1000,2000,0,0,0.870271444,0.585049868,0.414950103,0.608053982,0
29100,La Crosse-Onalaska, WI-MN,4000,0,4000,2000,3000,4000,0,0,0.842140853,0.384757519,0.615242481,0.942831755,0
29180,Lafayette, LA,21000,0,19000,9000,12000,13000,7000,0,0.913805783,0.429427862,0.570572138,0.637704253,0.362295717
29200,Lafayette-West Lafayette, IN,7000,0,6000,3000,4000,6000,1000,0,0.863152385,0.404575646,0.595424354,0.801249802,0.198750213
29260,La Grande, OR,1000,0,1000,1000,500,1000,0,0,0.7701056,0.579971313,0.420028657,0.636143088,0
29340,Lake Charles, LA,8000,0,8000,5000,3000,5000,4000,0,0.953875542,0.574408889,0.425591141,0.564911008,0.435088962
29380,Lake City, FL,2000,0,2000,1000,1000,1000,1000,0,0.936042428,0.62640208,0.37359792,0.550068855,0.449931175
29420,Lake Havasu City-Kingman, AZ,6000,0,5000,3000,0,3000,3000,0,0.865099192,0.629003108,0,0.554270327,0.445729673
29460,Lakeland-Winter Haven, FL,22000,5000,17000,13000,9000,13000,9000,0.211759269,0.788240731,0.603615761,0.396384269,0.591707051,0.408292949
29500,Lamesa, TX,1000,0,500,500,500,500,0,0,0.81499511,0.548739076,0.451260924,0.534449339,0
29540,Lancaster, PA,22000,0,20000,9000,13000,12000,10000,0,0.915232539,0.416267514,0.583732486,0.567380726,0.432619274
29620,Lansing-East Lansing, MI,15000,0,14000,7000,8000,13000,2000,0,0.90355432,0.435536563,0.564463437,0.837349415,0.1626506
29700,Laredo, TX,16000,7000,9000,12000,4000,7000,9000,0.454953551,0.545046449,0.7346977,0.265302271,0.455669224,0.544330776
29740,Las Cruces, NM,9000,0,6000,6000,0,5000,0,0,0.667078376,0.731864393,0,0.597462416,0
29820,Las Vegas-Henderson-Paradise, NV,77000,27000,47000,38000,37000,46000,30000,0.36657989,0.63342011,0.506410122,0.493589908,0.606677055,0.393322945
29860,Laurel, MS,4000,0,3000,2000,1000,2000,1000,0,0.950244904,0.608509183,0.391490847,0.597341299,0.402658671
29900,Laurinburg, NC,2000,0,1000,1000,0,1000,0,0,0.839123189,0.650338173,0,0.699890494,0
29980,Lawrenceburg, TN,2000,0,1000,1000,0,1000,1000,0,0.963386118,0.67078948,0,0.5832268,0.4167732
30020,Lawton, OK,6000,0,6000,4000,3000,4000,2000,0,0.933530688,0.577129245,0.422870755,0.703128159,0.296871841
30220,Levelland, TX,1000,0,1000,500,500,1000,500,0,0.81721282,0.556489468,0.443510562,0.565776646,0.434223354
30260,Lewisburg, PA,1000,0,1000,1000,1000,1000,1000,0,0.947650433,0.545757771,0.454242229,0.510832191,0.489167839
30280,Lewisburg, TN,1000,0,1000,1000,1000,1000,0,0,0.863425553,0.527729213,0.472270787,0.620901644,0
30300,Lewiston, ID-WA,2000,0,2000,1000,1000,1000,500,0,0.917552292,0.53429997,0.46570006,0.746484876,0.253515154
30380,Lewistown, PA,1000,0,1000,1000,1000,1000,1000,0,0.947650433,0.545757771,0.454242229,0.510832191,0.489167839
30420,Lexington, NE,1000,0,1000,500,500,1000,0,0,0.901766598,0.505524158,0.494475871,0.668351054,0
30460,Lexington-Fayette, KY,17000,3000,14000,7000,10000,13000,4000,0.158089399,0.841910601,0.422683597,0.577316403,0.744878888,0.255121142
30580,Liberal, KS,1000,500,1000,1000,1000,1000,500,0.39713192,0.60286808,0.553525925,0.446474075,0.577315211,0.422684789
30660,Lincoln, IL,1000,0,1000,500,1000,1000,500,0,0.974071622,0.412835896,0.587164104,0.718038559,0.281961471
30700,Lincoln, NE,13000,0,11000,5000,8000,10000,3000,0,0.849859476,0.405618727,0.594381273,0.777679086,0.222320884
30780,Little Rock-North Little Rock-Conway, AR,28000,3000,25000,13000,14000,21000,7000,0.094185948,0.905814052,0.481409669,0.518590331,0.740076423,0.259923607
30820,Lock Haven, PA,1000,0,1000,1000,1000,1000,500,0,0.971819818,0.45368886,0.54631114,0.669441104,0.330558866
30860,Logan, UT-ID,7000,0,5000,3000,4000,6000,1000,0,0.833453417,0.438843131,0.561156869,0.865688503,0.134311482
30900,Logansport, IN,1000,0,1000,1000,1000,1000,0,0,0.870271444,0.585049868,0.414950103,0.608053982,0
30940,London, KY,5000,0,4000,3000,1000,2000,2000,0,0.996490598,0.722340465,0.277659506,0.535333395,0.464666605
30980,Longview, TX,10000,2000,8000,6000,4000,6000,4000,0.197348595,0.802651405,0.622823834,0.377176195,0.643941939,0.356058061
31080,Los Angeles-Long Beach-Anaheim, CA,481000,245000,228000,214000,261000,314000,165000,0.518146694,0.481853306,0.450771272,0.549228728,0.65636301,0.34363699
31140,Louisville/Jefferson County, KY-IN,46000,6000,39000,20000,26000,33000,13000,0.131334841,0.868665159,0.439677477,0.560322523,0.715088367,0.284911633
31180,Lubbock, TX,12000,1000,11000,6000,6000,8000,4000,0.102213144,0.897786856,0.501244426,0.498755574,0.681621552,0.318378419
31220,Ludington, MI,1000,0,1000,500,500,1000,0,0,0.936679959,0.583599925,0.416400105,0.678987741,0
31260,Lufkin, TX,4000,0,3000,2000,1000,2000,1000,0,0.807046175,0.629503369,0.370496601,0.614605129,0.385394871
31300,Lumberton, NC,6000,0,4000,4000,1000,3000,3000,0,0.79309088,0.746432245,0.253567755,0.462329924,0.537670076
31340,Lynchburg, VA,8000,0,7000,3000,4000,6000,0,0,0.92855233,0.419286907,0.580713093,0.783054829,0
31380,Macomb, IL,1000,0,1000,500,1000,1000,0,0,0.944270611,0.442616522,0.557383478,0.768976927,0
31420,Macon-Bibb County, GA,9000,0,8000,6000,3000,5000,4000,0,0.931720138,0.670167685,0.329832286,0.594086528,0.405913472
31460,Madera, CA,7000,0,4000,5000,0,3000,4000,0,0.544332862,0.647447586,0,0.476078212,0.523921788
31540,Madison, WI,21000,3000,18000,6000,15000,18000,3000,0.16140306,0.83859694,0.273671448,0.726328552,0.850389719,0.149610251
31660,Malone, NY,1000,0,1000,1000,1000,1000,500,0,0.969167531,0.408121824,0.591878176,0.706191838,0.293808162
31680,Malvern, AR,1000,0,1000,1000,500,1000,0,0,0.890204728,0.645051837,0.354948133,0.588820338,0
31700,Manchester-Nashua, NH,12000,2000,10000,3000,9000,10000,2000,0.151170492,0.848829508,0.278776288,0.721223712,0.792592704,0.207407311
31740,Manhattan, KS,5000,0,5000,2000,3000,4000,0,0,0.868857026,0.447226465,0.552773535,0.810725093,0
31860,Mankato-North Mankato, MN,4000,0,3000,0,3000,3000,0,0,0.881607234,0,0.718716323,0.89173609,0
31940,Marinette, WI-MI,2000,0,2000,1000,1000,1000,500,0,0.980638206,0.449634254,0.550365746,0.750424385,0.24957563
31980,Marion, IN,2000,0,2000,1000,1000,1000,0,0,0.937790811,0.571463585,0.428536415,0.60340631,0
32020,Marion, OH,2000,0,2000,1000,1000,1000,1000,0,0.95979023,0.58563745,0.41436252,0.624189258,0.375810772
32100,Marquette, MI,2000,0,2000,1000,1000,1000,0,0,0.952808022,0.466609776,0.533390224,0.797532976,0
32140,Marshall, MN,1000,0,1000,500,1000,1000,0,0,0.926218331,0.339042962,0.660957038,0.81133604,0
32180,Marshall, MO,1000,0,1000,500,500,1000,0,0,0.921063423,0.49118185,0.50881815,0.731134951,0
32220,Marshall, TX,3000,0,2000,1000,1000,1000,0,0,0.814780593,0.549944162,0.450055867,0.573083758,0
32260,Marshalltown, IA,2000,0,1000,1000,1000,1000,0,0,0.758113265,0.476732373,0.523267627,0.744176745,0
32280,Martin, TN,1000,0,1000,1000,1000,1000,500,0,0.990733981,0.508382559,0.491617471,0.615059853,0.384940177
32300,Martinsville, VA,2000,0,2000,1000,1000,1000,0,0,0.927218139,0.582526088,0.417473942,0.687260091,0
32340,Maryville, MO,1000,0,1000,500,500,500,500,0,0.949716151,0.551834941,0.448165029,0.632368684,0.367631286
32380,Mason City, IA,2000,0,2000,0,1000,1000,0,0,0.973061204,0,0.647668421,0.779287815,0
32460,Mayfield, KY,1000,0,1000,1000,1000,1000,0,0,0.916998982,0.452154875,0.547845125,0.754408956,0
32500,Maysville, KY,1000,0,1000,500,0,500,0,0,0.989694834,0.592446923,0,0.627320707,0
32540,McAlester, OK,2000,0,1000,1000,1000,1000,1000,0,0.929807842,0.644726753,0.355273217,0.611721635,0.388278395
32580,McAllen-Edinburg-Mission, TX,46000,24000,21000,32000,14000,23000,23000,0.527043104,0.472956866,0.69617939,0.30382058,0.505177855,0.494822115
32620,McComb, MS,2000,0,2000,1000,0,1000,1000,0,0.955064416,0.647529066,0,0.635731876,0.364268124
32660,McMinnville, TN,1000,0,1000,1000,0,1000,0,0,0.931470752,0.625623524,0,0.522638083,0
32740,Meadville, PA,3000,0,3000,1000,1000,2000,1000,0,0.985313416,0.48059392,0.51940608,0.623312593,0.376687437
32780,Medford, OR,7000,0,5000,4000,3000,4000,0,0,0.832719445,0.61099267,0.3890073,0.683690548,0
32820,Memphis, TN-MS-AR,53000,7000,45000,30000,22000,33000,19000,0.134591222,0.865408778,0.571024954,0.428975046,0.634972692,0.365027279
32860,Menomonie, WI,1000,0,1000,0,1000,1000,0,0,0.973063171,0,0.780766487,0.85717684,0
32900,Merced, CA,12000,6000,6000,8000,4000,7000,6000,0.508787632,0.491212368,0.65728569,0.34271431,0.535386801,0.464613169
32940,Meridian, MS,4000,0,4000,2000,2000,2000,1000,0,0.98498553,0.589991093,0.410008878,0.623491526,0.376508504
33020,Mexico, MO,1000,0,1000,500,1000,1000,500,0,0.999079704,0.472591519,0.527408481,0.649240255,0.350759774
33060,Miami, OK,1000,0,1000,1000,500,1000,500,0,0.974042714,0.603835583,0.396164387,0.583862185,0.416137815
33100,Miami-Fort Lauderdale-West Palm Beach, FL,196000,109000,84000,96000,97000,135000,60000,0.565273285,0.434726715,0.496462405,0.503537595,0.6909796,0.30902037
33220,Midland, MI,2000,0,2000,1000,1000,2000,0,0,0.961925685,0.422327459,0.577672541,0.737338901,0
33260,Midland, TX,9000,0,7000,3000,6000,6000,3000,0,0.792144001,0.342829108,0.657170892,0.692329645,0.307670325
33300,Milledgeville, GA,2000,0,2000,1000,1000,1000,1000,0,0.952730119,0.607184827,0.392815173,0.582129419,0.417870581
33340,Milwaukee-Waukesha-West Allis, WI,59000,10000,49000,25000,34000,45000,14000,0.165531456,0.834468544,0.421559989,0.578440011,0.756896794,0.243103221
33460,Minneapolis-St. Paul-Bloomington, MN-WI,135000,33000,100000,40000,93000,110000,24000,0.250648499,0.749351501,0.301092505,0.698907495,0.824051738,0.175948277
33500,Minot, ND,4000,0,4000,1000,3000,3000,0,0,0.934206665,0.290113747,0.709886253,0.799610913,0
33540,Missoula, MT,3000,0,3000,2000,0,2000,0,0,0.978651464,0.601936519,0,0.643123984,0
33580,Mitchell, SD,1000,0,1000,500,1000,1000,0,0,0.882837355,0.394692898,0.605307102,0.775890708,0
33620,Moberly, MO,1000,0,1000,500,500,1000,0,0,0.921063423,0.49118185,0.50881815,0.731134951,0
33660,Mobile, AL,17000,0,15000,9000,7000,11000,5000,0,0.901427627,0.544230521,0.455769479,0.688968718,0.311031282
33700,Modesto, CA,23000,8000,15000,13000,10000,15000,8000,0.359701514,0.640298486,0.554887414,0.445112586,0.637991428,0.362008572
33740,Monroe, LA,8000,0,8000,5000,3000,5000,3000,0,0.9646855,0.640904188,0.359095812,0.571596146,0.428403884
33860,Montgomery, AL,14000,0,12000,7000,6000,9000,4000,0,0.919442594,0.523355484,0.476644486,0.671127558,0.328872472
34020,Morgan City, LA,2000,0,2000,1000,1000,1000,1000,0,0.922927916,0.55148679,0.44851321,0.550572395,0.449427605
34100,Morristown, TN,4000,0,3000,3000,1000,2000,2000,0,0.887615502,0.653357148,0.346642882,0.524068952,0.475931048
34140,Moscow, ID,1000,0,1000,1000,1000,1000,0,0,0.960219085,0.522973359,0.477026641,0.761026263,0
34180,Moses Lake, WA,4000,2000,2000,2000,2000,2000,2000,0.447708786,0.552291214,0.578586221,0.421413749,0.535493135,0.464506894
34260,Mountain Home, AR,1000,0,1000,1000,0,1000,0,0,0.934215546,0.65372169,0,0.650513113,0
34300,Mountain Home, ID,1000,0,1000,1000,1000,1000,500,0,0.736316323,0.554655075,0.445344955,0.579384863,0.420615137
34340,Mount Airy, NC,2000,0,2000,1000,0,1000,0,0,0.876529217,0.668238997,0,0.624972105,0
34380,Mount Pleasant, MI,2000,0,2000,1000,1000,1000,1000,0,0.938243508,0.630535543,0.369464457,0.67672956,0.32327044
34420,Mount Pleasant, TX,1000,0,1000,1000,500,1000,1000,0,0.773666859,0.585716724,0.414283276,0.563047886,0.436952114
34460,Mount Sterling, KY,2000,0,2000,1000,0,1000,0,0,0.989694834,0.592446923,0,0.627320707,0
34500,Mount Vernon, IL,1000,0,1000,1000,1000,1000,500,0,0.973409295,0.433050036,0.566949964,0.770209551,0.229790419
34540,Mount Vernon, OH,2000,0,2000,1000,1000,1000,1000,0,0.95979023,0.58563745,0.41436252,0.624189258,0.375810772
34580,Mount Vernon-Anacortes, WA,4000,0,3000,2000,2000,3000,1000,0,0.760207772,0.524653435,0.475346565,0.703889012,0.296110958
34660,Murray, KY,1000,0,1000,1000,1000,1000,0,0,0.916998982,0.452154875,0.547845125,0.754408956,0
34740,Muskegon, MI,6000,0,6000,4000,2000,4000,0,0,0.953256547,0.59323144,0.406768531,0.640407026,0
34780,Muskogee, OK,2000,0,2000,2000,0,1000,1000,0,0.984585345,0.659785748,0,0.603579044,0.396420926
34820,Myrtle Beach-Conway-North Myrtle Beach, SC-NC,13000,0,10000,7000,6000,8000,5000,0,0.84024775,0.559105396,0.440894574,0.626978457,0.373021543
34860,Nacogdoches, TX,3000,0,2000,2000,1000,2000,1000,0,0.807046175,0.629503369,0.370496601,0.614605069,0.385394901
34900,Napa, CA,5000,2000,2000,0,3000,3000,0,0.507213712,0.492786288,0,0.603820205,0.629737616,0
34940,Naples-Immokalee-Marco Island, FL,10000,4000,6000,5000,5000,5000,5000,0.42845434,0.57154566,0.509985864,0.490014136,0.527435958,0.472564042
34980,Nashville-Davidson--Murfreesboro--Franklin, TN,70000,14000,55000,30000,39000,50000,20000,0.206151009,0.793848991,0.432587147,0.567412853,0.713783383,0.286216587
35020,Natchez, MS-LA,2000,0,2000,1000,1000,1000,1000,0,0.966879725,0.59755832,0.40244168,0.598855495,0.401144475
35060,Natchitoches, LA,1000,0,1000,1000,1000,1000,1000,0,0.979538083,0.594387352,0.405612648,0.560190141,0.439809859
35100,New Bern, NC,5000,0,5000,2000,3000,4000,1000,0,0.860968649,0.461035073,0.538964927,0.727392554,0.272607476
35140,Newberry, SC,1000,0,1000,1000,0,1000,0,0,0.957083881,0.662773967,0,0.566209197,0
35220,New Castle, IN,2000,0,2000,1000,1000,1000,0,0,0.974410594,0.584002256,0.415997714,0.630102038,0
35300,New Haven-Milford, CT,25000,6000,19000,9000,15000,18000,7000,0.247743964,0.752256036,0.380832016,0.619167984,0.718947172,0.281052798
35380,New Orleans-Metairie, LA,46000,6000,39000,21000,24000,30000,15000,0.129107416,0.870892584,0.473839045,0.526160955,0.668796957,0.331203043
35420,New Philadelphia-Dover, OH,3000,0,3000,0,2000,2000,0,0,0.946289361,0,0.56581986,0.661688685,0
35440,Newport, OR,1000,0,1000,1000,1000,1000,0,0,0.869194865,0.510102987,0.489896983,0.655062675,0
35500,Newton, IA,1000,0,1000,0,1000,1000,0,0,0.942652345,0,0.677825034,0.834750295,0
35580,New Ulm, MN,1000,0,1000,500,1000,1000,0,0,0.926218331,0.339042962,0.660957038,0.81133604,0
35620,New York-Newark-Jersey City, NY-NJ-PA,720000,332000,375000,274000,437000,516000,199000,0.469384015,0.530615985,0.385297179,0.614702821,0.721456707,0.278543293
35660,Niles-Benton Harbor, MI,6000,0,5000,3000,2000,4000,0,0,0.851851881,0.570142925,0.429857075,0.713634014,0
35700,Nogales, AZ,2000,0,1000,1000,1000,1000,1000,0,0.702333689,0.55699718,0.44300279,0.690648556,0.309351414
35740,Norfolk, NE,2000,0,2000,1000,1000,2000,1000,0,0.757218957,0.46822089,0.53177911,0.737328887,0.262671113
35820,North Platte, NE,1000,0,1000,1000,1000,1000,0,0,0.901766598,0.505524158,0.494475871,0.668351054,0
35840,North Port-Sarasota-Bradenton, FL,19000,5000,14000,9000,10000,12000,7000,0.251747489,0.748252511,0.46089077,0.53910923,0.625746727,0.374253243
35900,North Wilkesboro, NC,2000,0,2000,1000,0,1000,0,0,0.876529217,0.668238997,0,0.624972105,0
35980,Norwich-New London, CT,8000,0,7000,3000,5000,6000,0,0,0.861731648,0.387455821,0.612544179,0.768769562,0
36020,Oak Harbor, WA,3000,0,2000,1000,1000,2000,1000,0,0.760207772,0.524653435,0.475346565,0.703889012,0.296110958
36100,Ocala, FL,10000,0,9000,6000,3000,5000,5000,0,0.884567499,0.648623586,0.351376444,0.526483595,0.473516405
36220,Odessa, TX,8000,0,7000,3000,5000,5000,4000,0,0.823350728,0.408214569,0.591785431,0.560172439,0.439827561
36260,Ogden-Clearfield, UT,32000,3000,29000,11000,21000,26000,6000,0.095867455,0.904132545,0.349287927,0.650712073,0.805265069,0.194734901
36300,Ogdensburg-Massena, NY,4000,0,3000,2000,2000,2000,1000,0,0.904856026,0.515345991,0.484654009,0.631695807,0.368304193
36340,Oil City, PA,1000,0,1000,1000,1000,1000,1000,0,0.9977175,0.546135962,0.453864038,0.553729415,0.446270555
36420,Oklahoma City, OK,57000,10000,46000,24000,32000,40000,17000,0.178793788,0.821206212,0.428278208,0.571721792,0.698319554,0.301680446
36460,Olean, NY,3000,0,2000,1000,1000,2000,1000,0,0.959960222,0.598649621,0.401350349,0.603745699,0.396254301
36500,Olympia-Tumwater, WA,9000,0,8000,4000,5000,8000,0,0,0.859338701,0.413041115,0.586958885,0.853140712,0
36540,Omaha-Council Bluffs, NE-IA,39000,6000,32000,15000,24000,30000,9000,0.158015907,0.841984093,0.380704939,0.619295061,0.767149925,0.23285009
36580,Oneonta, NY,2000,0,1000,1000,1000,1000,0,0,0.956475198,0.460658073,0.539341927,0.716001391,0
36620,Ontario, OR-ID,2000,0,2000,1000,1000,1000,1000,0,0.873056293,0.592743456,0.407256544,0.640881658,0.359118372
36660,Opelousas, LA,4000,0,4000,2000,2000,2000,2000,0,0.991338015,0.58654201,0.413458019,0.448661506,0.551338494
36700,Orangeburg, SC,3000,0,3000,2000,1000,1000,2000,0,0.969213247,0.727200389,0.272799611,0.478679717,0.521320283
36740,Orlando-Kissimmee-Sanford, FL,81000,24000,56000,40000,40000,58000,22000,0.300669849,0.699330151,0.499844015,0.500155985,0.72213906,0.27786094
36820,Oskaloosa, IA,1000,0,1000,500,500,1000,0,0,0.873485327,0.496024489,0.503975511,0.713149846,0
36830,Othello, WA,1000,0,1000,500,500,500,0,0,0.806221485,0.575276434,0.424723566,0.644206405,0
36860,Ottawa-Peru, IL,5000,0,4000,2000,3000,4000,1000,0,0.914705992,0.411159754,0.588840246,0.726544857,0.273455113
36900,Ottumwa, IA,2000,0,2000,1000,1000,1000,0,0,0.873485327,0.496024489,0.503975511,0.713149846,0
36940,Owatonna, MN,1000,0,1000,0,1000,1000,0,0,0.817387521,0,0.60729897,0.715252042,0
36980,Owensboro, KY,4000,0,4000,2000,2000,3000,1000,0,0.938692093,0.519236743,0.480763257,0.713528931,0.286471069
37020,Owosso, MI,2000,0,2000,0,1000,2000,0,0,0.964024484,0,0.663219512,0.844097555,0
37060,Oxford, MS,2000,0,2000,1000,1000,1000,0,0,0.960293829,0.536295116,0.463704884,0.705031693,0
37100,Oxnard-Thousand Oaks-Ventura, CA,30000,13000,16000,11000,19000,20000,10000,0.454228222,0.545771778,0.359417915,0.640582085,0.677068949,0.322931021
37120,Ozark, AL,2000,0,2000,1000,1000,1000,1000,0,0.936615884,0.535661519,0.464338481,0.691740394,0.308259577
37140,Paducah, KY-IL,3000,0,3000,2000,2000,2000,1000,0,0.928877413,0.461142123,0.538857877,0.739584148,0.260415852
37220,Pahrump, NV,1000,0,1000,1000,1000,1000,1000,0,0.844444454,0.426886797,0.573113203,0.630211115,0.369788855
37300,Palestine, TX,2000,0,1000,1000,1000,1000,1000,0,0.772560716,0.529331803,0.470668167,0.537938833,0.462061167
37340,Palm Bay-Melbourne-Titusville, FL,16000,3000,13000,8000,7000,12000,3000,0.163165033,0.836834967,0.520543516,0.479456484,0.777977645,0.222022355
37420,Pampa, TX,1000,500,1000,1000,500,1000,500,0.30777657,0.69222343,0.558606744,0.441393256,0.572245359,0.427754611
37460,Panama City, FL,7000,0,6000,4000,3000,4000,3000,0,0.900750697,0.593100488,0.406899512,0.629702866,0.370297134
37500,Paragould, AR,2000,0,2000,1000,1000,1000,1000,0,0.9418571,0.583081961,0.41691801,0.660890698,0.339109272
37540,Paris, TN,1000,0,1000,500,500,1000,500,0,0.990733981,0.508382559,0.491617471,0.615059853,0.384940177
37580,Paris, TX,2000,0,1000,1000,1000,1000,1000,0,0.773666859,0.585716724,0.414283276,0.563047886,0.436952114
37660,Parsons, KS,1000,0,1000,500,500,1000,0,0,0.955108047,0.479340553,0.520659447,0.776384532,0
37740,Payson, AZ,2000,0,2000,1000,0,1000,0,0,0.960915387,0.604406595,0,0.748627067,0
37780,Pecos, TX,1000,0,500,500,500,500,500,0,0.674533665,0.408947468,0.591052532,0.496194541,0.503805459
37860,Pensacola-Ferry Pass-Brent, FL,17000,0,15000,8000,9000,12000,5000,0,0.933964014,0.484470546,0.515529454,0.700592697,0.299407303
37900,Peoria, IL,15000,0,13000,7000,8000,11000,4000,0,0.91561681,0.443417668,0.556582332,0.705947995,0.294052035
37940,Peru, IN,1000,0,1000,1000,500,1000,0,0,0.937790871,0.571463585,0.428536415,0.60340631,0
37980,Philadelphia-Camden-Wilmington, PA-NJ-DE-MD,214000,43000,166000,75000,137000,152000,61000,0.206723988,0.793276012,0.353745759,0.646254241,0.711628437,0.288371533
38060,Phoenix-Mesa-Scottsdale, AZ,174000,50000,120000,83000,89000,119000,54000,0.293427885,0.706572115,0.483293772,0.516706228,0.688817441,0.311182559
38180,Pierre, SD,1000,0,1000,1000,500,1000,500,0,0.995827258,0.660901785,0.339098215,0.571313739,0.428686231
38220,Pine Bluff, AR,4000,0,3000,2000,1000,2000,1000,0,0.935352743,0.69889015,0.30110985,0.605033517,0.394966453
38260,Pittsburg, KS,1000,0,1000,1000,1000,1000,0,0,0.955108047,0.479340553,0.520659447,0.776384532,0
38300,Pittsburgh, PA,72000,5000,66000,25000,47000,58000,15000,0.076310813,0.923689187,0.351952076,0.648047924,0.797249019,0.202750981
38380,Plainview, TX,1000,0,1000,1000,1000,1000,1000,0,0.81721282,0.556489468,0.443510562,0.565776646,0.434223354
38420,Platteville, WI,2000,0,2000,1000,1000,1000,500,0,0.948482454,0.372670829,0.627329171,0.719473243,0.280526727
38460,Plattsburgh, NY,2000,0,2000,1000,1000,2000,1000,0,0.969167531,0.408121824,0.591878176,0.706191838,0.293808162
38500,Plymouth, IN,2000,0,2000,1000,1000,1000,1000,0,0.859550536,0.444516003,0.555483997,0.572379708,0.427620292
38540,Pocatello, ID,4000,0,3000,2000,2000,3000,0,0,0.871410489,0.561707437,0.438292563,0.754063249,0
38580,Point Pleasant, WV-OH,2000,0,2000,1000,1000,1000,1000,0,0.962374568,0.543241024,0.456759006,0.700220704,0.299779326
38620,Ponca City, OK,2000,0,1000,1000,1000,1000,0,0,0.817800343,0.460693538,0.539306462,0.675522685,0
38700,Pontiac, IL,1000,0,1000,1000,1000,1000,1000,0,0.960436821,0.535029531,0.46497044,0.569858193,0.430141836
38860,Portland-South Portland, ME,14000,0,12000,4000,10000,12000,0,0,0.896976292,0.302345753,0.697654247,0.848814726,0
38900,Portland-Vancouver-Hillsboro, OR-WA,84000,23000,60000,31000,52000,65000,18000,0.274487793,0.725512207,0.375560641,0.624439359,0.78647083,0.213529184
38940,Port St. Lucie, FL,13000,3000,9000,7000,6000,7000,5000,0.26925528,0.73074472,0.519037485,0.480962545,0.592989147,0.407010853
39060,Pottsville, PA,4000,0,4000,2000,2000,3000,0,0,0.949883997,0.425580859,0.574419141,0.69082129,0
39220,Price, UT,1000,0,1000,500,1000,1000,500,0,0.939314365,0.425442398,0.574557602,0.739117861,0.260882139
39260,Prineville, OR,1000,0,1000,500,500,500,0,0,0.810204566,0.603999019,0.396000981,0.557264924,0
39300,Providence-Warwick, RI-MA,49000,11000,37000,19000,30000,34000,14000,0.223987103,0.776012897,0.388169825,0.611830175,0.704344034,0.295655996
39340,Provo-Orem, UT,35000,5000,30000,14000,21000,31000,4000,0.129943848,0.870056152,0.40463829,0.59536171,0.889291048,0.110708952
39380,Pueblo, CO,6000,0,5000,3000,2000,4000,1000,0,0.890768647,0.60073173,0.399268299,0.747164309,0.252835691
39420,Pullman, WA,2000,0,1000,1000,1000,1000,0,0,0.806221485,0.575276434,0.424723566,0.644206405,0
39500,Quincy, IL-MO,3000,0,2000,1000,1000,2000,1000,0,0.929047346,0.476918757,0.523081243,0.722880602,0.277119368
39580,Raleigh, NC,48000,13000,34000,18000,30000,37000,10000,0.283816814,0.716183186,0.373010218,0.626989782,0.78205204,0.21794799
39660,Rapid City, SD,5000,0,5000,2000,3000,4000,0,0,0.973638773,0.47689265,0.52310735,0.782898724,0
39740,Reading, PA,14000,0,12000,6000,8000,10000,5000,0,0.837520361,0.442180693,0.557819307,0.665807605,0.334192365
39780,Red Bluff, CA,3000,0,2000,2000,0,2000,0,0,0.753038883,0.610477924,0,0.61407721,0
39820,Redding, CA,6000,0,5000,3000,3000,4000,0,0,0.892128825,0.557999671,0.442000329,0.76733011,0
39860,Red Wing, MN,1000,0,1000,0,1000,1000,0,0,0.864583313,0,0.664460301,0.79426688,0
39900,Reno, NV,16000,5000,11000,8000,8000,10000,6000,0.31925422,0.68074578,0.480838478,0.519161522,0.631602049,0.368397981
39940,Rexburg, ID,3000,0,2000,1000,1000,2000,0,0,0.875339568,0.563589513,0.436410487,0.835536182,0
39980,Richmond, IN,2000,0,2000,1000,1000,1000,0,0,0.991849184,0.616803288,0.383196712,0.533978105,0
40060,Richmond, VA,43000,7000,36000,15000,27000,32000,11000,0.164861798,0.835138202,0.353598177,0.646401823,0.751460671,0.248539343
40080,Richmond-Berea, KY,3000,0,3000,2000,1000,2000,1000,0,0.973867536,0.546360373,0.453639656,0.610643983,0.389355987
40100,Rio Grande City, TX,3000,0,2000,2000,0,1000,2000,0,0.537424624,0.679572523,0,0.427470207,0.572529793
40140,Riverside-San Bernardino-Ontario, CA,179000,62000,114000,90000,87000,113000,66000,0.349798679,0.650201321,0.506679654,0.493320316,0.631021023,0.368979007
40180,Riverton, WY,2000,0,2000,1000,1000,1000,0,0,0.978837967,0.371598959,0.628401041,0.706413567,0
40220,Roanoke, VA,10000,0,9000,4000,6000,7000,3000,0,0.86752212,0.418534219,0.581465781,0.710123241,0.289876759
40300,Rochelle, IL,2000,0,1000,1000,1000,1000,0,0,0.898076296,0.563110173,0.436889827,0.711635709,0
40340,Rochester, MN,8000,0,7000,3000,6000,7000,1000,0,0.818020344,0.307421267,0.692578733,0.835160375,0.16483961
40380,Rochester, NY,35000,4000,30000,15000,20000,25000,9000,0.111293852,0.888706148,0.43125689,0.56874311,0.733076811,0.266923219
40420,Rockford, IL,12000,0,10000,5000,7000,9000,4000,0,0.831650674,0.445349395,0.554650605,0.702262223,0.297737777
40460,Rockingham, NC,2000,0,2000,1000,0,1000,0,0,0.839123189,0.650338173,0,0.699890494,0
40540,Rock Springs, WY,2000,0,2000,1000,1000,1000,0,0,0.978837967,0.371598959,0.628401041,0.706413567,0
40660,Rome, GA,3000,0,3000,2000,2000,2000,0,0,0.816378534,0.539757729,0.460242242,0.668773055,0
40740,Roswell, NM,3000,0,2000,2000,1000,2000,0,0,0.790930688,0.607569396,0.392430604,0.62462312,0
40780,Russellville, AR,3000,0,3000,2000,1000,2000,0,0,0.891849518,0.629499912,0.370500088,0.654474735,0
40820,Ruston, LA,2000,0,2000,1000,1000,1000,1000,0,0.979538083,0.594387352,0.405612648,0.560190141,0.439809859
40860,Rutland, VT,1000,0,1000,0,1000,1000,0,0,0.95632112,0,0.623685837,0.669620991,0
40900,Sacramento--Roseville--Arden-Arcade, CA,82000,28000,52000,34000,47000,60000,21000,0.354483783,0.645516217,0.42410481,0.57589519,0.741187751,0.258812249
40940,Safford, AZ,1000,0,1000,1000,0,1000,0,0,0.960915387,0.604406595,0,0.748627067,0
40980,Saginaw, MI,7000,0,7000,4000,3000,5000,0,0,0.952435851,0.534678817,0.465321213,0.709214807,0
41060,St. Cloud, MN,8000,0,7000,3000,5000,6000,0,0,0.860407412,0.382873774,0.617126226,0.827784956,0
41100,St. George, UT,6000,0,6000,3000,3000,5000,0,0,0.859207451,0.54132998,0.45866999,0.750929356,0
41140,St. Joseph, MO-KS,5000,0,5000,3000,2000,3000,1000,0,0.952820182,0.534407973,0.465591997,0.70869267,0.29130736
41180,St. Louis, MO-IL,98000,9000,88000,38000,59000,76000,21000,0.088526368,0.911473632,0.389388084,0.610611916,0.782672763,0.217327252
41220,St. Marys, GA,2000,0,2000,1000,1000,1000,0,0,0.950695097,0.583438694,0.416561306,0.675568938,0
41420,Salem, OR,16000,4000,11000,8000,7000,10000,6000,0.288282335,0.711717665,0.537970185,0.462029785,0.634811163,0.365188807
41460,Salina, KS,2000,0,2000,1000,1000,2000,0,0,0.965422809,0.500850916,0.499149084,0.746848345,0
41500,Salinas, CA,19000,10000,9000,10000,8000,10000,9000,0.526570261,0.473429739,0.552894235,0.447105795,0.540896714,0.459103286
41540,Salisbury, MD-DE,13000,0,10000,6000,6000,7000,5000,0,0.792249322,0.50832659,0.49167341,0.583689332,0.416310698
41620,Salt Lake City, UT,56000,13000,42000,22000,33000,42000,14000,0.233029366,0.766970634,0.407018125,0.592981875,0.753657043,0.246342942
41660,San Angelo, TX,5000,0,4000,2000,3000,3000,1000,0,0.870919108,0.395028532,0.604971468,0.717109323,0.282890648
41700,San Antonio-New Braunfels, TX,100000,21000,77000,49000,50000,64000,35000,0.21202898,0.78797102,0.496254444,0.503745556,0.646357775,0.353642195
41740,San Diego-Carlsbad, CA,127000,49000,76000,48000,77000,95000,31000,0.389990509,0.610009491,0.385691345,0.614308655,0.753730536,0.246269479
41760,Sandpoint, ID,1000,0,1000,1000,1000,1000,0,0,0.960219085,0.522973359,0.477026641,0.761026263,0
41780,Sandusky, OH,3000,0,3000,1000,1000,2000,0,0,0.975334048,0.542116165,0.457883805,0.619536221,0
41860,San Francisco-Oakland-Hayward, CA,154000,76000,76000,39000,113000,122000,32000,0.500059247,0.499940753,0.257124484,0.742875516,0.794148743,0.205851257
41940,San Jose-Sunnyvale-Santa Clara, CA,73000,45000,28000,17000,56000,57000,16000,0.616599679,0.383400351,0.233759046,0.766240954,0.787458777,0.212541252
42020,San Luis Obispo-Paso Robles-Arroyo Grande, CA,8000,0,6000,0,6000,7000,0,0,0.731664777,0,0.686185241,0.828631043,0
42100,Santa Cruz-Watsonville, CA,9000,4000,4000,0,5000,5000,0,0.485352695,0.514647305,0,0.594581902,0.623667121,0
42140,Santa Fe, NM,4000,0,3000,2000,2000,2000,0,0,0.667454064,0.498297989,0.501702011,0.625491738,0
42200,Santa Maria-Santa Barbara, CA,17000,8000,9000,8000,9000,10000,6000,0.473422348,0.526577652,0.465119183,0.534880817,0.627940416,0.372059613
42220,Santa Rosa, CA,15000,5000,10000,5000,10000,11000,4000,0.334504902,0.665495098,0.314335763,0.685664237,0.748241544,0.251758456
42300,Sault Ste. Marie, MI,1000,0,1000,500,500,1000,0,0,0.979329765,0.478287637,0.521712363,0.735439897,0
42340,Savannah, GA,15000,0,13000,8000,7000,11000,4000,0,0.893437445,0.534663796,0.465336174,0.704077363,0.295922607
42380,Sayre, PA,2000,0,2000,1000,1000,1000,1000,0,0.985846341,0.422177851,0.577822149,0.609445691,0.390554309
42420,Scottsbluff, NE,1000,0,1000,0,1000,1000,0,0,0.952911377,0,0.574375927,0.805240631,0
42540,Scranton--Wilkes-Barre--Hazleton, PA,17000,0,14000,8000,8000,12000,5000,0,0.864338398,0.494076312,0.505923688,0.706649303,0.293350667
42660,Seattle-Tacoma-Bellevue, WA,134000,44000,88000,43000,90000,107000,27000,0.331823587,0.668176413,0.321212232,0.678787768,0.801113248,0.198886782
42700,Sebring, FL,3000,1000,2000,2000,1000,1000,2000,0.286903918,0.713096082,0.749441981,0.250557989,0.404154241,0.595845759
42740,Sedalia, MO,2000,0,1000,1000,1000,1000,0,0,0.921063423,0.49118185,0.50881815,0.731134951,0
42780,Selinsgrove, PA,1000,0,1000,1000,1000,1000,1000,0,0.947650433,0.545757771,0.454242229,0.510832191,0.489167839
42860,Seneca, SC,2000,0,2000,1000,1000,1000,0,0,0.884032428,0.469051361,0.530948639,0.656929255,0
42900,Seneca Falls, NY,1000,0,1000,1000,1000,1000,500,0,0.973577738,0.444963753,0.555036247,0.658289135,0.341710865
42980,Seymour, IN,2000,0,1000,0,1000,1000,0,0,0.809968829,0,0.605367362,0.645525634,0
43020,Shawano, WI,1000,0,1000,1000,1000,1000,500,0,0.936719596,0.443520904,0.556479096,0.642962933,0.357037038
43060,Shawnee, OK,3000,0,3000,1000,1000,2000,1000,0,0.976719141,0.454750359,0.545249641,0.711641312,0.288358688
43140,Shelby, NC,3000,0,2000,2000,1000,2000,1000,0,0.886109293,0.612230778,0.387769252,0.643823326,0.356176674
43180,Shelbyville, TN,2000,0,2000,1000,1000,1000,0,0,0.863425553,0.527729213,0.472270787,0.620901644,0
43300,Sherman-Denison, TX,5000,0,4000,2000,2000,3000,2000,0,0.857442915,0.484712481,0.515287519,0.653856874,0.346143126
43320,Show Low, AZ,4000,0,4000,3000,1000,3000,2000,0,0.930747151,0.734447837,0.265552193,0.576013923,0.423986048
43340,Shreveport-Bossier City, LA,19000,0,17000,11000,8000,12000,7000,0,0.933890641,0.584540725,0.415459275,0.607092142,0.392907828
43380,Sidney, OH,2000,0,2000,1000,1000,1000,1000,0,0.946309984,0.518860936,0.481139064,0.709319532,0.290680468
43420,Sierra Vista-Douglas, AZ,5000,0,3000,3000,2000,3000,1000,0,0.702333689,0.55699718,0.44300279,0.690648556,0.309351414
43460,Sikeston, MO,1000,0,1000,1000,1000,1000,0,0,0.967258155,0.535355687,0.464644343,0.725182891,0
43580,Sioux City, IA-NE-SD,7000,0,6000,3000,4000,5000,2000,0,0.853248537,0.430275738,0.569724262,0.668910563,0.331089437
43620,Sioux Falls, SD,11000,0,10000,4000,7000,9000,0,0,0.86534524,0.364682496,0.635317504,0.793016553,0
43660,Snyder, TX,1000,0,500,500,500,500,500,0,0.916477442,0.540658236,0.459341735,0.582424641,0.417575359
43740,Somerset, PA,2000,0,2000,1000,1000,1000,1000,0,0.98739922,0.472690165,0.527309835,0.60309279,0.39690721
43760,Sonora, CA,1000,0,1000,1000,1000,1000,0,0,0.935158491,0.463867605,0.536132395,0.770084798,0
43780,South Bend-Mishawaka, IN-MI,13000,0,11000,7000,6000,9000,3000,0,0.861610889,0.543684602,0.456315428,0.723261476,0.276738554
43900,Spartanburg, SC,12000,0,10000,6000,5000,7000,5000,0,0.875996709,0.543486953,0.456513017,0.615662932,0.384337068
43940,Spearfish, SD,1000,0,1000,500,500,1000,0,0,0.973638773,0.47689265,0.52310735,0.782898724,0
43980,Spencer, IA,1000,0,1000,500,500,1000,0,0,0.895042419,0.33605653,0.66394347,0.834179759,0
44020,Spirit Lake, IA,1000,0,1000,500,500,1000,0,0,0.895042419,0.33605653,0.66394347,0.834179759,0
44060,Spokane-Spokane Valley, WA,19000,2000,16000,9000,9000,14000,4000,0.117061496,0.882938504,0.497929573,0.502070427,0.768563986,0.231435984
44100,Springfield, IL,7000,0,6000,3000,4000,5000,2000,0,0.932498217,0.439290285,0.560709715,0.71778512,0.28221488
44140,Springfield, MA,19000,3000,15000,9000,10000,13000,6000,0.183455706,0.816544294,0.463692188,0.536307812,0.667078972,0.332921058
44180,Springfield, MO,16000,0,15000,8000,8000,12000,5000,0,0.941295266,0.516525865,0.483474106,0.7212286,0.2787714
44220,Springfield, OH,5000,0,5000,3000,0,3000,0,0,0.946728766,0.642944038,0,0.662767231,0
44260,Starkville, MS,2000,0,2000,1000,1000,1000,0,0,0.939407885,0.672265053,0.327734977,0.621729136,0
44300,State College, PA,4000,0,4000,0,3000,3000,0,0,0.880068004,0,0.69830507,0.760696173,0
44340,Statesboro, GA,3000,0,2000,1000,1000,2000,0,0,0.940185845,0.528294504,0.471705496,0.767630041,0
44540,Sterling, CO,1000,0,1000,500,500,1000,0,0,0.79132086,0.524663687,0.475336313,0.739150941,0
44580,Sterling, IL,2000,0,2000,1000,1000,2000,0,0,0.923513472,0.388092875,0.611907125,0.843429446,0
44620,Stevens Point, WI,2000,0,2000,1000,1000,2000,0,0,0.910733283,0.380774677,0.619225323,0.820024669,0
44660,Stillwater, OK,3000,0,2000,1000,1000,2000,0,0,0.891974747,0.5051682,0.4948318,0.798048019,0
44700,Stockton-Lodi, CA,30000,12000,17000,15000,14000,18000,12000,0.414880216,0.585119784,0.521128178,0.478871822,0.608060241,0.391939789
44740,Storm Lake, IA,1000,0,1000,500,500,500,0,0,0.818135738,0.399388671,0.600611329,0.724670708,0
44780,Sturgis, MI,2000,0,2000,1000,0,1000,1000,0,0.873956621,0.687172413,0,0.528559685,0.471440285
44860,Sulphur Springs, TX,1000,0,1000,1000,1000,1000,1000,0,0.773666859,0.585716724,0.414283276,0.563047886,0.436952114
44900,Summerville, GA,1000,0,1000,500,500,1000,0,0,0.961427033,0.507186174,0.492813855,0.608404815,0
44920,Summit Park, UT,2000,0,2000,1000,1000,2000,0,0,0.829759479,0.426722109,0.573277891,0.8766734,0
44940,Sumter, SC,4000,0,3000,2000,1000,3000,0,0,0.947571635,0.614863873,0.385136098,0.681358337,0
44980,Sunbury, PA,3000,0,3000,0,2000,2000,0,0,0.962819755,0,0.600941718,0.730228484,0
45000,Susanville, CA,1000,0,1000,500,500,1000,0,0,0.891037881,0.527987123,0.472012907,0.743486404,0
45020,Sweetwater, TX,500,0,500,500,500,500,500,0,0.916477442,0.540658236,0.459341735,0.582424641,0.417575359
45060,Syracuse, NY,22000,3000,19000,10000,12000,16000,5000,0.128015101,0.871984899,0.458534122,0.541465878,0.746105313,0.253894717
45140,Tahlequah, OK,2000,0,2000,1000,0,1000,1000,0,0.909954965,0.624562263,0,0.53501749,0.46498248
45180,Talladega-Sylacauga, AL,3000,0,3000,1000,1000,2000,1000,0,0.957361281,0.488321483,0.511678517,0.651171923,0.348828048
45220,Tallahassee, FL,12000,0,10000,5000,6000,9000,3000,0,0.892799675,0.460163057,0.539836943,0.778346121,0.221653864
45300,Tampa-St. Petersburg-Clearwater, FL,95000,22000,71000,43000,51000,67000,27000,0.241666555,0.758333445,0.461013436,0.538986564,0.710706115,0.289293855
45380,Taylorville, IL,1000,0,1000,500,1000,1000,500,0,0.974071622,0.412835896,0.587164104,0.718038559,0.281961471
45460,Terre Haute, IN,6000,0,5000,3000,3000,4000,1000,0,0.942599714,0.539309502,0.460690469,0.738660514,0.261339486
45500,Texarkana, TX-AR,6000,0,5000,3000,2000,4000,2000,0,0.902761579,0.616460323,0.383539677,0.663407326,0.336592704
45520,The Dalles, OR,1000,0,1000,1000,500,1000,0,0,0.810204566,0.603999019,0.396000981,0.557264924,0
45540,The Villages, FL,2000,0,2000,1000,1000,1000,0,0,0.87604636,0.539622903,0.460377127,0.607795715,0
45580,Thomaston, GA,1000,0,1000,1000,0,1000,0,0,0.913079321,0.640077114,0,0.589491904,0
45660,Tiffin, OH,2000,0,2000,1000,1000,1000,0,0,0.992762983,0.476783395,0.523216605,0.651589513,0
45700,Tifton, GA,1000,0,1000,1000,0,1000,1000,0,0.900789201,0.671483397,0,0.519704461,0.480295569
45740,Toccoa, GA,1000,0,1000,500,500,1000,0,0,0.876748264,0.566901445,0.433098584,0.573298454,0
45780,Toledo, OH,22000,0,20000,11000,11000,15000,6000,0,0.956200421,0.491566956,0.508433044,0.710571766,0.289428234
45820,Topeka, KS,9000,0,8000,4000,5000,7000,2000,0,0.913550019,0.447903872,0.552096128,0.73213625,0.267863721
45860,Torrington, CT,5000,0,4000,0,4000,4000,0,0,0.806017041,0,0.823621333,0.826405883,0
45900,Traverse City, MI,4000,0,4000,1000,3000,3000,1000,0,0.963909149,0.333841681,0.666158319,0.745312095,0.254687935
45940,Trenton, NJ,13000,6000,7000,5000,8000,8000,5000,0.434461057,0.565538943,0.361827612,0.638172388,0.642278314,0.357721686
45980,Troy, AL,1000,0,1000,1000,0,1000,0,0,0.927633941,0.616477787,0,0.62075603,0
46060,Tucson, AZ,35000,9000,25000,18000,16000,24000,10000,0.263985693,0.736014307,0.533199728,0.466800272,0.697346807,0.302653223
46140,Tulsa, OK,40000,6000,33000,20000,19000,26000,13000,0.15345341,0.84654659,0.507044315,0.492955655,0.668012381,0.331987619
46180,Tupelo, MS,5000,0,5000,3000,3000,4000,2000,0,0.948292553,0.529500961,0.470499068,0.686027169,0.313972861
46220,Tuscaloosa, AL,8000,0,7000,5000,3000,5000,3000,0,0.913556874,0.575714827,0.424285203,0.578467965,0.421532035
46300,Twin Falls, ID,5000,0,4000,3000,3000,4000,2000,0,0.782810986,0.495907307,0.504092693,0.688589692,0.311410338
46340,Tyler, TX,9000,0,6000,5000,3000,5000,4000,0,0.744277894,0.612274766,0.387725234,0.602364898,0.397635132
46460,Union City, TN-KY,1000,0,1000,1000,1000,1000,500,0,0.937173188,0.591729522,0.408270478,0.667370379,0.332629621
46500,Urbana, OH,1000,0,1000,1000,1000,1000,1000,0,0.97309643,0.445666432,0.554333568,0.614533544,0.385466427
46520,Urban Honolulu, HI,39000,11000,27000,11000,28000,30000,8000,0.293015122,0.706984878,0.277829647,0.722170353,0.789327145,0.21067284
46540,Utica-Rome, NY,9000,0,8000,5000,5000,6000,3000,0,0.834720135,0.509154618,0.490845382,0.673455,0.326545
46620,Uvalde, TX,1000,0,1000,1000,1000,1000,1000,0,0.762112498,0.612465858,0.387534171,0.594690084,0.405309945
46660,Valdosta, GA,6000,0,5000,4000,2000,4000,2000,0,0.927477121,0.588848233,0.411151767,0.657955408,0.342044622
46700,Vallejo-Fairfield, CA,15000,4000,10000,7000,8000,11000,4000,0.298614383,0.701385617,0.436499,0.563501,0.709420443,0.290579557
46780,Van Wert, OH,1000,0,1000,500,1000,1000,0,0,0.979812562,0.34176302,0.65823698,0.844811082,0
46820,Vermillion, SD,1000,0,1000,0,500,1000,0,0,0.904124677,0,0.712351322,0.830375135,0
46860,Vernal, UT,2000,0,2000,1000,1000,1000,500,0,0.939314365,0.425442398,0.574557602,0.739117861,0.260882139
46900,Vernon, TX,500,0,500,500,500,500,500,0,0.869844854,0.576066792,0.423933208,0.646591544,0.353408456
46980,Vicksburg, MS,2000,0,2000,1000,1000,1000,1000,0,0.965781033,0.605401158,0.394598842,0.659539223,0.340460807
47020,Victoria, TX,4000,0,3000,2000,2000,2000,1000,0,0.84954375,0.434790015,0.565209985,0.679565191,0.320434839
47080,Vidalia, GA,1000,0,1000,1000,500,1000,1000,0,0.851766765,0.627707124,0.372292876,0.569611549,0.430388451
47180,Vincennes, IN,1000,0,1000,1000,1000,1000,0,0,0.935207844,0.411447942,0.588552058,0.680095732,0
47220,Vineland-Bridgeton, NJ,6000,0,5000,3000,3000,4000,2000,0,0.800661564,0.44859159,0.55140841,0.605679214,0.394320786
47260,Virginia Beach-Norfolk-Newport News, VA-NC,65000,7000,57000,27000,38000,50000,15000,0.112249613,0.887750387,0.412900805,0.587099195,0.772625804,0.227374181
47300,Visalia-Porterville, CA,22000,8000,13000,14000,8000,12000,10000,0.386597931,0.613402069,0.654436886,0.345563114,0.536642671,0.4633573
47340,Wabash, IN,1000,0,1000,1000,500,1000,0,0,0.937790811,0.571463585,0.428536415,0.60340631,0
47380,Waco, TX,10000,2000,8000,6000,4000,6000,4000,0.224896908,0.775103092,0.607199669,0.392800331,0.591209054,0.408790946
47420,Wahpeton, ND-MN,1000,0,1000,500,500,1000,500,0,0.97514832,0.434128284,0.565871716,0.794692516,0.205307454
47460,Walla Walla, WA,3000,0,2000,1000,1000,2000,1000,0,0.744467854,0.479285002,0.520714998,0.634905815,0.365094155
47540,Wapakoneta, OH,2000,0,2000,1000,1000,1000,0,0,0.979812562,0.34176302,0.65823698,0.844811082,0
47580,Warner Robins, GA,7000,0,7000,4000,3000,5000,2000,0,0.939570606,0.535626292,0.464373678,0.715722084,0.284277886
47620,Warren, PA,1000,0,1000,1000,1000,1000,500,0,0.985313416,0.48059392,0.51940608,0.623312593,0.376687437
47660,Warrensburg, MO,2000,0,2000,1000,1000,1000,0,0,0.977151752,0.502812147,0.497187853,0.803322256,0
47700,Warsaw, IN,3000,0,2000,1000,2000,2000,1000,0,0.859550536,0.444516003,0.555483997,0.572379708,0.427620262
47780,Washington, IN,1000,0,1000,1000,1000,1000,1000,0,0.959190667,0.521966875,0.478033125,0.547370195,0.452629805
47900,Washington-Arlington-Alexandria, DC-VA-MD-WV,236000,95000,138000,58000,175000,184000,51000,0.407216847,0.592783153,0.250399351,0.749600649,0.783637047,0.216362983
47940,Waterloo-Cedar Falls, IA,6000,0,5000,2000,4000,5000,1000,0,0.871047199,0.395802557,0.604197443,0.775832176,0.224167824
47980,Watertown, SD,1000,0,1000,500,1000,1000,0,0,0.956673801,0.380449653,0.619550347,0.748063505,0
48020,Watertown-Fort Atkinson, WI,2000,0,2000,0,2000,2000,0,0,0.905884922,0,0.716846645,0.761123121,0
48060,Watertown-Fort Drum, NY,6000,0,5000,3000,3000,4000,2000,0,0.923597097,0.488685191,0.511314809,0.714973092,0.285026878
48100,Wauchula, FL,1000,0,1000,1000,0,500,1000,0,0.718217552,0.764680505,0,0.404145062,0.595854938
48140,Wausau, WI,5000,0,4000,2000,3000,4000,0,0,0.889792442,0.373111784,0.626888216,0.758392096,0
48180,Waycross, GA,2000,0,2000,1000,0,1000,1000,0,0.909953356,0.705798507,0,0.482867539,0.517132461
48260,Weirton-Steubenville, WV-OH,3000,0,3000,2000,2000,2000,1000,0,0.989186466,0.485642314,0.514357686,0.732775092,0.267224878
48460,West Plains, MO,1000,0,1000,1000,0,1000,1000,0,0.968509436,0.600311041,0,0.59308511,0.40691489
48540,Wheeling, WV-OH,4000,0,4000,2000,2000,3000,1000,0,0.989290297,0.482544065,0.517455935,0.737146616,0.262853384
48620,Wichita, KS,27000,4000,23000,13000,14000,20000,7000,0.149951875,0.850048125,0.473766267,0.526233733,0.747111201,0.252888799
48660,Wichita Falls, TX,6000,0,5000,3000,3000,4000,2000,0,0.845601499,0.540096879,0.459903091,0.642986894,0.357013077
48700,Williamsport, PA,4000,0,4000,2000,2000,3000,1000,0,0.971819818,0.45368886,0.54631114,0.669441104,0.330558866
48780,Williston, ND,1000,0,1000,500,1000,1000,0,0,0.934206665,0.290113747,0.709886253,0.799610913,0
48820,Willmar, MN,2000,0,1000,1000,1000,1000,0,0,0.883222342,0.348456204,0.651543796,0.801994562,0
48900,Wilmington, NC,8000,0,7000,4000,4000,6000,0,0,0.824497044,0.457758844,0.542241156,0.728830516,0
48940,Wilmington, OH,2000,0,1000,1000,0,1000,0,0,0.988136411,0.53435874,0,0.630972803,0
49020,Winchester, VA-WV,5000,0,4000,2000,3000,3000,2000,0,0.818584859,0.387386203,0.612613797,0.669695079,0.330304921
49080,Winnemucca, NV,1000,0,500,500,500,500,500,0,0.844444454,0.426886797,0.573113203,0.630211115,0.369788855
49100,Winona, MN,1000,0,1000,1000,1000,1000,0,0,0.967801869,0.348186851,0.651813149,0.806084812,0
49180,Winston-Salem, NC,23000,5000,18000,12000,10000,15000,8000,0.204133332,0.795866668,0.535116553,0.464883447,0.647181511,0.352818519
49220,Wisconsin Rapids-Marshfield, WI,2000,0,2000,1000,1000,2000,0,0,0.910733283,0.380774677,0.619225323,0.820024669,0
49260,Woodward, OK,1000,0,1000,500,500,1000,0,0,0.779602408,0.465691566,0.534308434,0.653043628,0
49300,Wooster, OH,4000,0,4000,2000,2000,2000,2000,0,0.973474801,0.53754437,0.462455601,0.564697444,0.435302556
49340,Worcester, MA-CT,29000,7000,22000,10000,20000,23000,6000,0.228999257,0.771000743,0.329470456,0.670529544,0.781563997,0.218435988
49380,Worthington, MN,1000,0,1000,500,500,1000,0,0,0.76092416,0.488653183,0.511346817,0.735899925,0
49420,Yakima, WA,12000,5000,7000,8000,4000,6000,7000,0.388437212,0.611562788,0.637168169,0.362831861,0.469589949,0.530410051
49460,Yankton, SD,1000,0,1000,0,1000,1000,0,0,0.904124677,0,0.712351322,0.830375135,0
49620,York-Hanover, PA,14000,0,13000,4000,9000,10000,4000,0,0.936881483,0.32095623,0.67904377,0.72868216,0.27131784
49660,Youngstown-Warren-Boardman, OH-PA,16000,0,15000,10000,7000,10000,6000,0,0.959967792,0.593400478,0.406599492,0.608292103,0.391707897
49700,Yuba City, CA,8000,0,5000,4000,3000,5000,2000,0,0.736026108,0.557019889,0.442980111,0.687058508,0.312941492
49740,Yuma, AZ,9000,4000,5000,5000,4000,6000,3000,0.432300508,0.567699492,0.598819733,0.401180267,0.661033869,0.338966101
49820,Zapata, TX,1000,0,500,1000,0,500,500,0,0.537424624,0.679572523,0,0.427470207,0.572529793
1,rest of Alabama,AL,52000,4000,48000,29000,23000,33000,19000,0.074091733,0.925908267,0.559870124,0.440129846,0.631069601,0.368930399
2,rest of Alaska,AK,9000,0,8000,4000,5000,5000,4000,0,0.921526074,0.446694016,0.553305984,0.58996892,0.41003105
4,rest of Arizona,AZ,10000,0,9000,6000,4000,7000,3000,0,0.911620498,0.58623445,0.41376552,0.666529655,0.333470345
5,rest of Arkansas,AR,29000,2000,26000,18000,11000,18000,11000,0.070555925,0.929444075,0.62996769,0.37003234,0.630899847,0.369100153
6,rest of California,CA,16000,3000,12000,8000,7000,11000,5000,0.188792169,0.811207831,0.527950644,0.472049326,0.703326344,0.296673685
8,rest of Colorado,CO,16000,4000,12000,7000,8000,11000,5000,0.228136778,0.771863222,0.465379953,0.534620047,0.6767928,0.3232072
9,rest of Connecticut,CT,0,0,0,0,0,0,0,0,0,0,0,0,0
10,rest of Delaware,DE,0,0,0,0,0,0,0,0,0,0,0,0,0
11,rest of District of Columbia,DC,0,0,0,0,0,0,0,0,0,0,0,0,0
12,rest of Florida,FL,28000,5000,23000,17000,11000,17000,11000,0.168502808,0.831497192,0.601360083,0.398639917,0.613436699,0.386563271
13,rest of Georgia,GA,34000,3000,30000,21000,12000,18000,15000,0.104361773,0.895638227,0.634570062,0.365429938,0.548126221,0.451873749
15,rest of Hawaii,HI,0,0,0,0,0,0,0,0,0,0,0,0,0
16,rest of Idaho,ID,5000,500,4000,3000,2000,4000,1000,0.091315985,0.908684015,0.531733751,0.468266219,0.746799529,0.253200471
17,rest of Illinois,IL,24000,1000,22000,11000,12000,17000,7000,0.049268484,0.950731516,0.469460607,0.530539393,0.712894559,0.287105471
18,rest of Indiana,IN,27000,1000,25000,13000,13000,17000,10000,0.040488482,0.959511518,0.507815599,0.492184371,0.638491988,0.361507982
19,rest of Iowa,IA,34000,3000,31000,13000,22000,27000,7000,0.096424937,0.903575063,0.371632695,0.628367305,0.795999408,0.204000577
20,rest of Kansas,KS,24000,2000,21000,10000,13000,18000,5000,0.094135463,0.905864537,0.445959985,0.554040015,0.775039017,0.224960983
21,rest of Kentucky,KY,45000,2000,43000,25000,20000,29000,16000,0.036918879,0.963081121,0.555178523,0.444821507,0.646366239,0.353633761
22,rest of Louisiana,LA,21000,0,19000,12000,8000,10000,10000,0,0.963508606,0.606480837,0.393519193,0.504140079,0.495859921
23,rest of Maine,ME,23000,0,22000,10000,12000,17000,5000,0,0.968024909,0.451547205,0.548452795,0.770916939,0.229083046
24,rest of Maryland,MD,2000,0,2000,1000,1000,2000,1000,0,0.911333263,0.46655637,0.53344363,0.675767779,0.324232221
25,rest of Massachusetts,MA,4000,0,3000,0,3000,3000,0,0,0.852686584,0,0.770594537,0.861404181,0
26,rest of Michigan,MI,24000,1000,23000,12000,11000,17000,7000,0.030527055,0.969472945,0.519959211,0.480040818,0.722736597,0.277263403
27,rest of Minnesota,MN,21000,2000,18000,8000,12000,16000,5000,0.085495234,0.914504766,0.410475016,0.589524984,0.779926538,0.220073476
28,rest of Mississippi,MS,29000,1000,27000,18000,11000,18000,11000,0.036026478,0.963973522,0.615282178,0.384717852,0.626836598,0.373163402
29,rest of Missouri,MO,42000,2000,40000,23000,19000,27000,15000,0.045722902,0.954277098,0.548143744,0.451856256,0.647345603,0.352654397
30,rest of Montana,MT,24000,0,23000,11000,12000,18000,6000,0,0.977307439,0.482273221,0.517726779,0.737086713,0.262913287
31,rest of Nebraska,NE,15000,2000,13000,7000,8000,11000,4000,0.13253206,0.86746794,0.445598602,0.554401398,0.757788241,0.242211744
32,rest of Nevada,NV,1000,0,1000,500,1000,1000,500,0,0.844444454,0.426886797,0.573113203,0.630211115,0.369788855
33,rest of New Hampshire,NH,5000,0,5000,2000,3000,4000,1000,0,0.932187319,0.363309979,0.636690021,0.755600274,0.244399726
34,rest of New Jersey,NJ,3000,0,2000,0,2000,2000,0,0,0.893823743,0,0.625428379,0.662040234,0
35,rest of New Mexico,NM,18000,4000,15000,10000,8000,11000,8000,0.201910853,0.798089147,0.569857121,0.430142909,0.585817337,0.414182693
36,rest of New York,NY,21000,2000,19000,10000,11000,16000,5000,0.095233977,0.904766023,0.453931093,0.546068907,0.744483888,0.255516112
37,rest of North Carolina,NC,59000,9000,49000,36000,23000,37000,22000,0.157852232,0.842147768,0.61232084,0.38767916,0.629426718,0.370573252
38,rest of North Dakota,ND,8000,0,8000,3000,5000,7000,2000,0,0.961389303,0.353091955,0.646908045,0.807527125,0.192472875
39,rest of Ohio,OH,48000,1000,46000,26000,22000,31000,17000,0.026223898,0.973776102,0.546275377,0.453724653,0.636945188,0.363054812
40,rest of Oklahoma,OK,24000,2000,21000,13000,11000,14000,10000,0.093236089,0.906763911,0.544010639,0.455989391,0.601401925,0.398598105
41,rest of Oregon,OR,17000,2000,14000,8000,8000,11000,5000,0.117694795,0.882305205,0.507974863,0.492025167,0.691275835,0.308724165
42,rest of Pennsylvania,PA,23000,0,21000,10000,13000,15000,8000,0,0.947998106,0.426701844,0.573298156,0.640407205,0.359592766
44,rest of Rhode Island,RI,0,0,0,0,0,0,0,0,0,0,0,0,0
45,rest of South Carolina,SC,16000,0,15000,11000,5000,10000,7000,0,0.939379692,0.684833765,0.315166205,0.595875859,0.404124141
46,rest of South Dakota,SD,9000,0,9000,5000,5000,6000,3000,0,0.954567194,0.506214738,0.493785232,0.683201909,0.316798121
47,rest of Tennessee,TN,30000,2000,28000,18000,11000,17000,13000,0.056176364,0.943823636,0.611397982,0.388602018,0.579337239,0.420662761
48,rest of Texas,TX,62000,12000,50000,34000,28000,35000,27000,0.190238535,0.809761465,0.548529387,0.451470584,0.564252496,0.435747534
49,rest of Utah,UT,7000,1000,6000,3000,3000,5000,2000,0.076878726,0.923121274,0.4977507,0.5022493,0.768558204,0.231441811
50,rest of Vermont,VT,10000,0,9000,3000,7000,8000,2000,0,0.900140762,0.302749336,0.697250664,0.764262497,0.235737488
51,rest of Virginia,VA,37000,4000,32000,17000,19000,24000,12000,0.102972925,0.897027075,0.472147167,0.527852833,0.666051984,0.333947986
53,rest of Washington,WA,19000,3000,15000,10000,9000,12000,6000,0.187063098,0.812936902,0.526745796,0.473254174,0.652912259,0.347087711
54,rest of West Virginia,WV,22000,0,21000,12000,10000,13000,9000,0,0.984687388,0.558587015,0.441412985,0.582183719,0.417816252
55,rest of Wisconsin,WI,52000,4000,48000,21000,30000,38000,14000,0.076014459,0.923985541,0.411338985,0.588661015,0.722704768,0.277295202
56,rest of Wyoming,WY,17000,2000,15000,5000,11000,13000,4000,0.09298867,0.90701133,0.327099383,0.672900617,0.767047584,0.232952431